label,frame,timestamp,confidence
focused,0,0.0,tensor(0.8616)
focused,0,0.0,tensor(0.7950)
focused,0,0.0,tensor(0.7266)
focused,0,0.0,tensor(0.9111)
focused,0,0.0,tensor(0.8483)
focused,0,0.0,tensor(0.6433)
unfocused,0,0.0,tensor(0.5799)
focused,0,0.0,tensor(0.9148)
focused,0,0.0,tensor(0.8636)
focused,0,0.0,tensor(0.6280)
unfocused,0,0.0,tensor(0.6032)
focused,0,0.0,tensor(0.9159)
focused,0,0.0,tensor(0.8569)
unfocused,0,0.0,tensor(0.7503)
focused,0,0.0,tensor(0.9209)
focused,0,0.0,tensor(0.8569)
unfocused,0,0.0,tensor(0.7567)
focused,0,0.0,tensor(0.8399)
unfocused,0,0.0,tensor(0.7595)
focused,0,0.0,tensor(0.7327)
focused,0,0.0,tensor(0.6850)
focused,0,0.0,tensor(0.5555)
focused,0,0.0,tensor(0.8332)
focused,0,0.0,tensor(0.7844)
unfocused,0,0.0,tensor(0.7591)
focused,0,0.0,tensor(0.6766)
focused,0,0.0,tensor(0.8567)
unfocused,0,0.0,tensor(0.8342)
focused,0,0.0,tensor(0.7045)
focused,0,0.0,tensor(0.5847)
focused,0,0.0,tensor(0.8485)
unfocused,0,0.0,tensor(0.7951)
unfocused,0,0.0,tensor(0.7779)
focused,0,0.0,tensor(0.7111)
unfocused,0,0.0,tensor(0.8394)
focused,0,0.0,tensor(0.8076)
unfocused,0,0.0,tensor(0.7579)
focused,0,0.0,tensor(0.6636)
unfocused,0,0.0,tensor(0.8642)
focused,0,0.0,tensor(0.8168)
focused,0,0.0,tensor(0.7947)
unfocused,0,0.0,tensor(0.6993)
unfocused,0,0.0,tensor(0.8615)
focused,0,0.0,tensor(0.8307)
focused,0,0.0,tensor(0.7642)
unfocused,0,0.0,tensor(0.6760)
unfocused,0,0.0,tensor(0.8579)
focused,0,0.0,tensor(0.8064)
focused,0,0.0,tensor(0.7832)
unfocused,0,0.0,tensor(0.5722)
unfocused,0,0.0,tensor(0.8194)
focused,0,0.0,tensor(0.7761)
focused,0,0.0,tensor(0.6583)
focused,0,0.0,tensor(0.5932)
unfocused,0,0.0,tensor(0.8294)
focused,0,0.0,tensor(0.8055)
focused,0,0.0,tensor(0.6924)
focused,0,0.0,tensor(0.5983)
focused,0,0.0,tensor(0.7923)
unfocused,0,0.0,tensor(0.7832)
focused,0,0.0,tensor(0.7806)
focused,0,0.0,tensor(0.5807)
focused,0,0.0,tensor(0.7602)
focused,0,0.0,tensor(0.6414)
focused,0,0.0,tensor(0.5842)
focused,0,0.0,tensor(0.7416)
focused,0,0.0,tensor(0.5883)
focused,0,0.0,tensor(0.5745)
focused,0,0.0,tensor(0.8744)
focused,0,0.0,tensor(0.6564)
focused,0,0.0,tensor(0.6445)
focused,0,0.0,tensor(0.8816)
focused,0,0.0,tensor(0.6516)
focused,0,0.0,tensor(0.6284)
focused,0,0.0,tensor(0.8212)
focused,0,0.0,tensor(0.6317)
focused,0,0.0,tensor(0.5705)
focused,0,0.0,tensor(0.7875)
focused,0,0.0,tensor(0.6927)
focused,0,0.0,tensor(0.6420)
focused,0,0.0,tensor(0.8106)
focused,0,0.0,tensor(0.6951)
focused,0,0.0,tensor(0.6377)
focused,0,0.0,tensor(0.7866)
focused,0,0.0,tensor(0.7149)
focused,0,0.0,tensor(0.6600)
focused,0,0.0,tensor(0.7355)
focused,0,0.0,tensor(0.6635)
focused,0,0.0,tensor(0.7003)
unfocused,0,0.0,tensor(0.6750)
focused,0,0.0,tensor(0.6717)
focused,0,0.0,tensor(0.5769)
focused,0,0.0,tensor(0.7237)
focused,0,0.0,tensor(0.6009)
focused,0,0.0,tensor(0.5934)
focused,0,0.0,tensor(0.5978)
unfocused,0,0.0,tensor(0.8680)
unfocused,0,0.0,tensor(0.8137)
unfocused,0,0.0,tensor(0.5594)
unfocused,0,0.0,tensor(0.7666)
unfocused,0,0.0,tensor(0.5526)
unfocused,0,0.0,tensor(0.9558)
unfocused,0,0.0,tensor(0.9518)
unfocused,0,0.0,tensor(0.9524)
unfocused,0,0.0,tensor(0.9427)
unfocused,0,0.0,tensor(0.9478)
unfocused,0,0.0,tensor(0.9401)
unfocused,0,0.0,tensor(0.9599)
unfocused,0,0.0,tensor(0.9555)
unfocused,0,0.0,tensor(0.9369)
unfocused,0,0.0,tensor(0.9542)
unfocused,0,0.0,tensor(0.9534)
unfocused,0,0.0,tensor(0.9528)
unfocused,0,0.0,tensor(0.9472)
unfocused,0,0.0,tensor(0.9593)
unfocused,0,0.0,tensor(0.9541)
unfocused,0,0.0,tensor(0.9596)
unfocused,0,0.0,tensor(0.9598)
unfocused,0,0.0,tensor(0.9641)
unfocused,0,0.0,tensor(0.9526)
unfocused,0,0.0,tensor(0.9513)
unfocused,0,0.0,tensor(0.9501)
unfocused,0,0.0,tensor(0.9618)
unfocused,0,0.0,tensor(0.9650)
unfocused,0,0.0,tensor(0.9576)
unfocused,0,0.0,tensor(0.9574)
unfocused,0,0.0,tensor(0.9574)
unfocused,0,0.0,tensor(0.9609)
unfocused,0,0.0,tensor(0.9577)
unfocused,0,0.0,tensor(0.9360)
unfocused,0,0.0,tensor(0.7832)
unfocused,0,0.0,tensor(0.7304)
unfocused,0,0.0,tensor(0.6449)
unfocused,0,0.0,tensor(0.7383)
unfocused,0,0.0,tensor(0.7444)
unfocused,0,0.0,tensor(0.8928)
unfocused,0,0.0,tensor(0.8981)
unfocused,0,0.0,tensor(0.9266)
unfocused,0,0.0,tensor(0.9507)
unfocused,0,0.0,tensor(0.9408)
unfocused,0,0.0,tensor(0.9401)
unfocused,0,0.0,tensor(0.9397)
unfocused,0,0.0,tensor(0.9397)
unfocused,0,0.0,tensor(0.9464)
unfocused,0,0.0,tensor(0.9487)
unfocused,0,0.0,tensor(0.9484)
unfocused,0,0.0,tensor(0.9433)
unfocused,0,0.0,tensor(0.9429)
unfocused,0,0.0,tensor(0.9378)
unfocused,0,0.0,tensor(0.9499)
unfocused,0,0.0,tensor(0.9509)
unfocused,0,0.0,tensor(0.9513)
unfocused,0,0.0,tensor(0.9531)
unfocused,0,0.0,tensor(0.9560)
unfocused,0,0.0,tensor(0.9563)
unfocused,0,0.0,tensor(0.9556)
unfocused,0,0.0,tensor(0.9560)
unfocused,0,0.0,tensor(0.9559)
unfocused,0,0.0,tensor(0.9564)
unfocused,0,0.0,tensor(0.9563)
unfocused,0,0.0,tensor(0.9555)
unfocused,0,0.0,tensor(0.9561)
unfocused,0,0.0,tensor(0.9565)
unfocused,0,0.0,tensor(0.9565)
unfocused,0,0.0,tensor(0.9590)
unfocused,0,0.0,tensor(0.9593)
unfocused,0,0.0,tensor(0.9589)
unfocused,0,0.0,tensor(0.9606)
unfocused,0,0.0,tensor(0.9608)
unfocused,0,0.0,tensor(0.9639)
unfocused,0,0.0,tensor(0.9634)
unfocused,0,0.0,tensor(0.9604)
unfocused,0,0.0,tensor(0.9529)
unfocused,0,0.0,tensor(0.9658)
unfocused,0,0.0,tensor(0.9687)
unfocused,0,0.0,tensor(0.9692)
unfocused,0,0.0,tensor(0.9678)
unfocused,0,0.0,tensor(0.9586)
unfocused,0,0.0,tensor(0.9608)
unfocused,0,0.0,tensor(0.9609)
unfocused,0,0.0,tensor(0.9615)
unfocused,0,0.0,tensor(0.9617)
unfocused,0,0.0,tensor(0.9692)
unfocused,0,0.0,tensor(0.9639)
unfocused,0,0.0,tensor(0.9630)
unfocused,0,0.0,tensor(0.9627)
unfocused,0,0.0,tensor(0.9543)
unfocused,0,0.0,tensor(0.9605)
unfocused,0,0.0,tensor(0.9727)
unfocused,0,0.0,tensor(0.9628)
unfocused,0,0.0,tensor(0.9626)
unfocused,0,0.0,tensor(0.9472)
unfocused,0,0.0,tensor(0.9548)
unfocused,0,0.0,tensor(0.9542)
unfocused,0,0.0,tensor(0.9512)
unfocused,0,0.0,tensor(0.9469)
unfocused,0,0.0,tensor(0.8995)
unfocused,0,0.0,tensor(0.8994)
unfocused,0,0.0,tensor(0.8658)
unfocused,0,0.0,tensor(0.8778)
unfocused,0,0.0,tensor(0.8791)
unfocused,0,0.0,tensor(0.8684)
focused,0,0.0,tensor(0.7785)
focused,0,0.0,tensor(0.8228)
focused,0,0.0,tensor(0.8165)
unfocused,0,0.0,tensor(0.5646)
focused,0,0.0,tensor(0.9321)
focused,0,0.0,tensor(0.9494)
focused,0,0.0,tensor(0.9143)
focused,0,0.0,tensor(0.9112)
focused,0,0.0,tensor(0.9143)
focused,0,0.0,tensor(0.9216)
focused,0,0.0,tensor(0.9123)
focused,0,0.0,tensor(0.9043)
focused,0,0.0,tensor(0.7845)
unfocused,0,0.0,tensor(0.7182)
focused,0,0.0,tensor(0.7908)
unfocused,0,0.0,tensor(0.6957)
unfocused,0,0.0,tensor(0.9368)
unfocused,0,0.0,tensor(0.9482)
unfocused,0,0.0,tensor(0.9468)
unfocused,0,0.0,tensor(0.9566)
unfocused,0,0.0,tensor(0.9557)
unfocused,0,0.0,tensor(0.9614)
unfocused,0,0.0,tensor(0.9593)
unfocused,0,0.0,tensor(0.9606)
unfocused,0,0.0,tensor(0.9614)
unfocused,0,0.0,tensor(0.9599)
unfocused,0,0.0,tensor(0.9658)
unfocused,0,0.0,tensor(0.9656)
unfocused,0,0.0,tensor(0.9697)
unfocused,0,0.0,tensor(0.9554)
unfocused,0,0.0,tensor(0.9538)
unfocused,0,0.0,tensor(0.9357)
unfocused,0,0.0,tensor(0.9335)
unfocused,0,0.0,tensor(0.9575)
unfocused,0,0.0,tensor(0.9615)
unfocused,0,0.0,tensor(0.9620)
unfocused,0,0.0,tensor(0.9463)
unfocused,0,0.0,tensor(0.9388)
unfocused,0,0.0,tensor(0.6354)
unfocused,0,0.0,tensor(0.9384)
unfocused,0,0.0,tensor(0.6264)
unfocused,0,0.0,tensor(0.9437)
unfocused,0,0.0,tensor(0.9429)
unfocused,0,0.0,tensor(0.9605)
unfocused,0,0.0,tensor(0.9478)
unfocused,0,0.0,tensor(0.9381)
unfocused,0,0.0,tensor(0.9538)
unfocused,0,0.0,tensor(0.9518)
unfocused,0,0.0,tensor(0.9522)
unfocused,0,0.0,tensor(0.9539)
unfocused,0,0.0,tensor(0.9484)
unfocused,0,0.0,tensor(0.9471)
unfocused,0,0.0,tensor(0.9493)
unfocused,0,0.0,tensor(0.9394)
unfocused,0,0.0,tensor(0.9473)
unfocused,0,0.0,tensor(0.9361)
unfocused,0,0.0,tensor(0.9303)
unfocused,0,0.0,tensor(0.9277)
unfocused,0,0.0,tensor(0.9294)
unfocused,0,0.0,tensor(0.9475)
unfocused,0,0.0,tensor(0.9477)
unfocused,0,0.0,tensor(0.9518)
unfocused,0,0.0,tensor(0.9518)
unfocused,0,0.0,tensor(0.9649)
unfocused,0,0.0,tensor(0.9654)
unfocused,0,0.0,tensor(0.9649)
unfocused,0,0.0,tensor(0.9654)
unfocused,0,0.0,tensor(0.9636)
unfocused,0,0.0,tensor(0.9186)
unfocused,0,0.0,tensor(0.9521)
unfocused,0,0.0,tensor(0.9559)
unfocused,0,0.0,tensor(0.9568)
unfocused,0,0.0,tensor(0.9574)
unfocused,0,0.0,tensor(0.9516)
unfocused,0,0.0,tensor(0.9597)
unfocused,0,0.0,tensor(0.9636)
unfocused,0,0.0,tensor(0.9629)
unfocused,0,0.0,tensor(0.9598)
unfocused,0,0.0,tensor(0.9603)
unfocused,0,0.0,tensor(0.9596)
unfocused,0,0.0,tensor(0.9587)
unfocused,0,0.0,tensor(0.9296)
unfocused,0,0.0,tensor(0.9310)
focused,0,0.0,tensor(0.8727)
focused,0,0.0,tensor(0.7458)
unfocused,0,0.0,tensor(0.6289)
unfocused,0,0.0,tensor(0.8385)
focused,0,0.0,tensor(0.6011)
unfocused,0,0.0,tensor(0.8144)
focused,0,0.0,tensor(0.6404)
unfocused,0,0.0,tensor(0.8226)
focused,0,0.0,tensor(0.6190)
unfocused,0,0.0,tensor(0.8731)
unfocused,0,0.0,tensor(0.9670)
focused,0,0.0,tensor(0.8839)
unfocused,0,0.0,tensor(0.9591)
focused,0,0.0,tensor(0.8601)
unfocused,0,0.0,tensor(0.9573)
focused,0,0.0,tensor(0.7345)
unfocused,0,0.0,tensor(0.9536)
focused,0,0.0,tensor(0.7384)
unfocused,0,0.0,tensor(0.9554)
unfocused,0,0.0,tensor(0.9125)
unfocused,0,0.0,tensor(0.9566)
unfocused,0,0.0,tensor(0.9370)
unfocused,0,0.0,tensor(0.5566)
unfocused,0,0.0,tensor(0.9331)
unfocused,0,0.0,tensor(0.9470)
unfocused,0,0.0,tensor(0.9224)
unfocused,0,0.0,tensor(0.8148)
unfocused,0,0.0,tensor(0.9351)
unfocused,0,0.0,tensor(0.8627)
unfocused,0,0.0,tensor(0.9385)
unfocused,0,0.0,tensor(0.8675)
unfocused,0,0.0,tensor(0.9586)
unfocused,0,0.0,tensor(0.9584)
unfocused,0,0.0,tensor(0.9447)
unfocused,0,0.0,tensor(0.9655)
unfocused,0,0.0,tensor(0.9643)
unfocused,0,0.0,tensor(0.9641)
unfocused,0,0.0,tensor(0.9620)
unfocused,0,0.0,tensor(0.9597)
unfocused,0,0.0,tensor(0.9596)
unfocused,0,0.0,tensor(0.9645)
unfocused,0,0.0,tensor(0.9647)
unfocused,0,0.0,tensor(0.9563)
unfocused,0,0.0,tensor(0.9565)
unfocused,0,0.0,tensor(0.9610)
unfocused,0,0.0,tensor(0.9609)
unfocused,0,0.0,tensor(0.9429)
unfocused,0,0.0,tensor(0.9429)
unfocused,0,0.0,tensor(0.9380)
unfocused,0,0.0,tensor(0.9582)
unfocused,0,0.0,tensor(0.9663)
unfocused,0,0.0,tensor(0.9651)
unfocused,0,0.0,tensor(0.9406)
unfocused,0,0.0,tensor(0.9405)
unfocused,0,0.0,tensor(0.9541)
unfocused,0,0.0,tensor(0.9534)
unfocused,0,0.0,tensor(0.9527)
unfocused,0,0.0,tensor(0.9570)
unfocused,0,0.0,tensor(0.9536)
unfocused,0,0.0,tensor(0.9602)
unfocused,0,0.0,tensor(0.9657)
unfocused,0,0.0,tensor(0.9662)
unfocused,0,0.0,tensor(0.9604)
unfocused,0,0.0,tensor(0.9631)
unfocused,0,0.0,tensor(0.9638)
unfocused,0,0.0,tensor(0.9411)
unfocused,0,0.0,tensor(0.9390)
unfocused,0,0.0,tensor(0.9462)
unfocused,0,0.0,tensor(0.9324)
unfocused,0,0.0,tensor(0.9266)
unfocused,0,0.0,tensor(0.9010)
unfocused,0,0.0,tensor(0.8864)
unfocused,0,0.0,tensor(0.8908)
unfocused,0,0.0,tensor(0.9261)
unfocused,0,0.0,tensor(0.9061)
unfocused,0,0.0,tensor(0.8909)
focused,0,0.0,tensor(0.8797)
unfocused,0,0.0,tensor(0.5503)
focused,0,0.0,tensor(0.8816)
focused,0,0.0,tensor(0.8931)
focused,0,0.0,tensor(0.8949)
focused,0,0.0,tensor(0.8188)
focused,0,0.0,tensor(0.8289)
focused,0,0.0,tensor(0.8931)
focused,0,0.0,tensor(0.9272)
focused,0,0.0,tensor(0.9298)
focused,0,0.0,tensor(0.9072)
focused,0,0.0,tensor(0.9203)
focused,0,0.0,tensor(0.9178)
focused,0,0.0,tensor(0.9326)
unfocused,0,0.0,tensor(0.9597)
unfocused,0,0.0,tensor(0.9595)
unfocused,0,0.0,tensor(0.9583)
unfocused,0,0.0,tensor(0.9573)
unfocused,0,0.0,tensor(0.9546)
unfocused,0,0.0,tensor(0.9580)
unfocused,0,0.0,tensor(0.9588)
unfocused,0,0.0,tensor(0.9586)
unfocused,0,0.0,tensor(0.9480)
unfocused,0,0.0,tensor(0.8954)
focused,0,0.0,tensor(0.9427)
focused,0,0.0,tensor(0.7418)
focused,0,0.0,tensor(0.7427)
focused,0,0.0,tensor(0.9329)
focused,0,0.0,tensor(0.9152)
focused,0,0.0,tensor(0.9151)
focused,0,0.0,tensor(0.7891)
focused,0,0.0,tensor(0.9033)
focused,0,0.0,tensor(0.7183)
focused,0,0.0,tensor(0.9171)
focused,0,0.0,tensor(0.9235)
focused,0,0.0,tensor(0.8377)
focused,0,0.0,tensor(0.8541)
focused,0,0.0,tensor(0.8847)
focused,0,0.0,tensor(0.9135)
focused,0,0.0,tensor(0.9174)
focused,0,0.0,tensor(0.9279)
focused,0,0.0,tensor(0.9275)
focused,0,0.0,tensor(0.9290)
focused,0,0.0,tensor(0.9321)
focused,0,0.0,tensor(0.9470)
focused,0,0.0,tensor(0.9465)
focused,0,0.0,tensor(0.9459)
focused,0,0.0,tensor(0.9407)
focused,0,0.0,tensor(0.9389)
focused,0,0.0,tensor(0.9449)
focused,0,0.0,tensor(0.9471)
focused,0,0.0,tensor(0.9436)
focused,0,0.0,tensor(0.9482)
focused,0,0.0,tensor(0.9466)
unfocused,0,0.0,tensor(0.5606)
unfocused,0,0.0,tensor(0.6291)
unfocused,0,0.0,tensor(0.6670)
unfocused,0,0.0,tensor(0.8073)
unfocused,0,0.0,tensor(0.8270)
unfocused,0,0.0,tensor(0.8518)
unfocused,0,0.0,tensor(0.8592)
unfocused,0,0.0,tensor(0.8801)
unfocused,0,0.0,tensor(0.8647)
unfocused,0,0.0,tensor(0.8702)
focused,0,0.0,tensor(0.8895)
focused,0,0.0,tensor(0.8681)
focused,0,0.0,tensor(0.5747)
focused,0,0.0,tensor(0.8895)
focused,0,0.0,tensor(0.8678)
focused,0,0.0,tensor(0.5702)
focused,0,0.0,tensor(0.8888)
focused,0,0.0,tensor(0.8378)
focused,0,0.0,tensor(0.6551)
focused,0,0.0,tensor(0.8889)
focused,0,0.0,tensor(0.8362)
focused,0,0.0,tensor(0.6284)
focused,0,0.0,tensor(0.8770)
focused,0,0.0,tensor(0.8428)
focused,0,0.0,tensor(0.7424)
focused,0,0.0,tensor(0.8616)
focused,0,0.0,tensor(0.8094)
focused,0,0.0,tensor(0.6063)
unfocused,0,0.0,tensor(0.5885)
focused,0,0.0,tensor(0.8617)
focused,0,0.0,tensor(0.8480)
unfocused,0,0.0,tensor(0.6319)
focused,0,0.0,tensor(0.8637)
focused,0,0.0,tensor(0.8555)
focused,0,0.0,tensor(0.8634)
focused,0,0.0,tensor(0.8156)
focused,0,0.0,tensor(0.8636)
focused,0,0.0,tensor(0.8620)
focused,0,0.0,tensor(0.5666)
focused,0,0.0,tensor(0.8640)
focused,0,0.0,tensor(0.8629)
unfocused,0,0.0,tensor(0.5818)
focused,0,0.0,tensor(0.8792)
focused,0,0.0,tensor(0.8611)
focused,0,0.0,tensor(0.6432)
focused,0,0.0,tensor(0.8905)
focused,0,0.0,tensor(0.8545)
focused,0,0.0,tensor(0.8348)
focused,0,0.0,tensor(0.8914)
focused,0,0.0,tensor(0.8613)
focused,0,0.0,tensor(0.8611)
focused,0,0.0,tensor(0.8943)
focused,0,0.0,tensor(0.8921)
focused,0,0.0,tensor(0.8723)
focused,0,0.0,tensor(0.9127)
focused,0,0.0,tensor(0.8824)
focused,0,0.0,tensor(0.8765)
focused,0,0.0,tensor(0.9104)
focused,0,0.0,tensor(0.8811)
focused,0,0.0,tensor(0.8603)
focused,0,0.0,tensor(0.9088)
focused,0,0.0,tensor(0.8946)
focused,0,0.0,tensor(0.8690)
focused,0,0.0,tensor(0.9068)
focused,0,0.0,tensor(0.8951)
focused,0,0.0,tensor(0.8652)
focused,0,0.0,tensor(0.9180)
focused,0,0.0,tensor(0.8897)
focused,0,0.0,tensor(0.8691)
focused,0,0.0,tensor(0.9180)
focused,0,0.0,tensor(0.8894)
focused,0,0.0,tensor(0.8695)
focused,0,0.0,tensor(0.9187)
focused,0,0.0,tensor(0.8836)
focused,0,0.0,tensor(0.8740)
focused,0,0.0,tensor(0.9198)
focused,0,0.0,tensor(0.8795)
focused,0,0.0,tensor(0.8659)
focused,0,0.0,tensor(0.9194)
focused,0,0.0,tensor(0.8817)
focused,0,0.0,tensor(0.8638)
focused,0,0.0,tensor(0.9215)
focused,0,0.0,tensor(0.8824)
focused,0,0.0,tensor(0.8505)
focused,0,0.0,tensor(0.9250)
focused,0,0.0,tensor(0.8799)
focused,0,0.0,tensor(0.8431)
focused,0,0.0,tensor(0.9260)
focused,0,0.0,tensor(0.8824)
focused,0,0.0,tensor(0.8377)
focused,0,0.0,tensor(0.9245)
focused,0,0.0,tensor(0.8762)
focused,0,0.0,tensor(0.8151)
focused,0,0.0,tensor(0.9248)
focused,0,0.0,tensor(0.8795)
focused,0,0.0,tensor(0.8218)
focused,0,0.0,tensor(0.9270)
focused,0,0.0,tensor(0.8759)
focused,0,0.0,tensor(0.8534)
focused,0,0.0,tensor(0.9270)
focused,0,0.0,tensor(0.8779)
focused,0,0.0,tensor(0.8537)
focused,0,0.0,tensor(0.9259)
focused,0,0.0,tensor(0.8865)
focused,0,0.0,tensor(0.8429)
focused,0,0.0,tensor(0.9264)
focused,0,0.0,tensor(0.8960)
focused,0,0.0,tensor(0.8492)
focused,0,0.0,tensor(0.9265)
focused,0,0.0,tensor(0.8932)
focused,0,0.0,tensor(0.8397)
focused,0,0.0,tensor(0.9231)
focused,0,0.0,tensor(0.8960)
focused,0,0.0,tensor(0.8442)
focused,0,0.0,tensor(0.9215)
focused,0,0.0,tensor(0.8917)
focused,0,0.0,tensor(0.8397)
focused,0,0.0,tensor(0.9189)
focused,0,0.0,tensor(0.8796)
focused,0,0.0,tensor(0.7921)
focused,0,0.0,tensor(0.9168)
focused,0,0.0,tensor(0.8675)
focused,0,0.0,tensor(0.7855)
focused,0,0.0,tensor(0.9181)
focused,0,0.0,tensor(0.8785)
focused,0,0.0,tensor(0.7925)
focused,0,0.0,tensor(0.9169)
focused,0,0.0,tensor(0.8527)
focused,0,0.0,tensor(0.7064)
focused,0,0.0,tensor(0.9170)
focused,0,0.0,tensor(0.8077)
focused,0,0.0,tensor(0.7516)
focused,0,0.0,tensor(0.9179)
focused,0,0.0,tensor(0.7288)
focused,0,0.0,tensor(0.9155)
focused,0,0.0,tensor(0.7892)
focused,0,0.0,tensor(0.7383)
focused,0,0.0,tensor(0.9167)
focused,0,0.0,tensor(0.8101)
focused,0,0.0,tensor(0.7213)
focused,0,0.0,tensor(0.9133)
focused,0,0.0,tensor(0.8593)
focused,0,0.0,tensor(0.9126)
focused,0,0.0,tensor(0.8595)
focused,0,0.0,tensor(0.7759)
focused,0,0.0,tensor(0.9126)
focused,0,0.0,tensor(0.8309)
focused,0,0.0,tensor(0.6870)
focused,0,0.0,tensor(0.9146)
focused,0,0.0,tensor(0.7971)
focused,0,0.0,tensor(0.9166)
focused,0,0.0,tensor(0.8041)
focused,0,0.0,tensor(0.9167)
focused,0,0.0,tensor(0.7492)
focused,0,0.0,tensor(0.9204)
focused,0,0.0,tensor(0.7385)
focused,0,0.0,tensor(0.5783)
focused,0,0.0,tensor(0.5801)
focused,0,0.0,tensor(0.6008)
unfocused,0,0.0,tensor(0.6242)
unfocused,0,0.0,tensor(0.6317)
focused,0,0.0,tensor(0.8660)
focused,0,0.0,tensor(0.8540)
focused,0,0.0,tensor(0.7581)
focused,0,0.0,tensor(0.7721)
focused,0,0.0,tensor(0.8261)
focused,0,0.0,tensor(0.8048)
focused,0,0.0,tensor(0.7744)
focused,0,0.0,tensor(0.7899)
focused,0,0.0,tensor(0.8757)
focused,0,0.0,tensor(0.8724)
unfocused,0,0.0,tensor(0.8564)
unfocused,0,0.0,tensor(0.8942)
unfocused,0,0.0,tensor(0.8962)
unfocused,0,0.0,tensor(0.8529)
unfocused,0,0.0,tensor(0.8716)
unfocused,0,0.0,tensor(0.8696)
unfocused,0,0.0,tensor(0.8625)
unfocused,0,0.0,tensor(0.7020)
unfocused,0,0.0,tensor(0.7144)
unfocused,0,0.0,tensor(0.5723)
unfocused,0,0.0,tensor(0.6739)
unfocused,0,0.0,tensor(0.5529)
unfocused,0,0.0,tensor(0.7755)
unfocused,0,0.0,tensor(0.7247)
unfocused,0,0.0,tensor(0.7145)
unfocused,0,0.0,tensor(0.8198)
unfocused,0,0.0,tensor(0.8872)
unfocused,0,0.0,tensor(0.8828)
unfocused,0,0.0,tensor(0.8840)
unfocused,0,0.0,tensor(0.8808)
unfocused,0,0.0,tensor(0.8788)
unfocused,0,0.0,tensor(0.8488)
unfocused,0,0.0,tensor(0.5598)
unfocused,0,0.0,tensor(0.5894)
unfocused,0,0.0,tensor(0.5644)
unfocused,0,0.0,tensor(0.6742)
unfocused,0,0.0,tensor(0.6990)
unfocused,0,0.0,tensor(0.7274)
unfocused,0,0.0,tensor(0.5718)
unfocused,0,0.0,tensor(0.5579)
unfocused,0,0.0,tensor(0.5622)
unfocused,0,0.0,tensor(0.6500)
unfocused,0,0.0,tensor(0.6473)
unfocused,0,0.0,tensor(0.7761)
unfocused,0,0.0,tensor(0.7132)
unfocused,0,0.0,tensor(0.8540)
unfocused,0,0.0,tensor(0.8722)
unfocused,0,0.0,tensor(0.8666)
unfocused,0,0.0,tensor(0.8874)
unfocused,0,0.0,tensor(0.8847)
unfocused,0,0.0,tensor(0.9245)
unfocused,0,0.0,tensor(0.9340)
unfocused,0,0.0,tensor(0.9521)
unfocused,0,0.0,tensor(0.9518)
unfocused,0,0.0,tensor(0.9425)
unfocused,0,0.0,tensor(0.9235)
unfocused,0,0.0,tensor(0.9472)
unfocused,0,0.0,tensor(0.9390)
focused,0,0.0,tensor(0.9459)
focused,0,0.0,tensor(0.9582)
focused,0,0.0,tensor(0.9650)
focused,0,0.0,tensor(0.9620)
focused,0,0.0,tensor(0.9623)
focused,0,0.0,tensor(0.9562)
focused,0,0.0,tensor(0.9512)
focused,0,0.0,tensor(0.9436)
focused,0,0.0,tensor(0.9222)
unfocused,0,0.0,tensor(0.5520)
focused,0,0.0,tensor(0.9215)
focused,0,0.0,tensor(0.9450)
focused,0,0.0,tensor(0.9395)
focused,0,0.0,tensor(0.9502)
focused,0,0.0,tensor(0.9500)
focused,0,0.0,tensor(0.9463)
focused,0,0.0,tensor(0.9368)
focused,0,0.0,tensor(0.9412)
unfocused,0,0.0,tensor(0.7983)
focused,0,0.0,tensor(0.9238)
unfocused,0,0.0,tensor(0.6257)
focused,0,0.0,tensor(0.9229)
unfocused,0,0.0,tensor(0.5895)
focused,0,0.0,tensor(0.9444)
unfocused,0,0.0,tensor(0.5801)
focused,0,0.0,tensor(0.9446)
unfocused,0,0.0,tensor(0.6000)
focused,0,0.0,tensor(0.9487)
unfocused,0,0.0,tensor(0.7791)
focused,0,0.0,tensor(0.9334)
focused,0,0.0,tensor(0.9287)
focused,0,0.0,tensor(0.9269)
focused,0,0.0,tensor(0.9315)
focused,0,0.0,tensor(0.8785)
focused,0,0.0,tensor(0.8782)
focused,0,0.0,tensor(0.8762)
focused,0,0.0,tensor(0.8766)
focused,0,0.0,tensor(0.8741)
focused,0,0.0,tensor(0.8736)
focused,0,0.0,tensor(0.8752)
focused,0,0.0,tensor(0.8767)
focused,0,0.0,tensor(0.8761)
focused,0,0.0,tensor(0.8762)
focused,0,0.0,tensor(0.8793)
focused,0,0.0,tensor(0.8804)
focused,0,0.0,tensor(0.8810)
focused,0,0.0,tensor(0.8813)
focused,0,0.0,tensor(0.8807)
focused,0,0.0,tensor(0.8791)
focused,0,0.0,tensor(0.8755)
focused,0,0.0,tensor(0.8762)
focused,0,0.0,tensor(0.8743)
focused,0,0.0,tensor(0.8720)
focused,0,0.0,tensor(0.8708)
focused,0,0.0,tensor(0.8717)
focused,0,0.0,tensor(0.8663)
focused,0,0.0,tensor(0.8703)
focused,0,0.0,tensor(0.8695)
focused,0,0.0,tensor(0.8717)
focused,0,0.0,tensor(0.8712)
focused,0,0.0,tensor(0.8715)
focused,0,0.0,tensor(0.8728)
focused,0,0.0,tensor(0.8712)
focused,0,0.0,tensor(0.8713)
focused,0,0.0,tensor(0.8728)
focused,0,0.0,tensor(0.8707)
focused,0,0.0,tensor(0.8713)
focused,0,0.0,tensor(0.8716)
focused,0,0.0,tensor(0.8698)
focused,0,0.0,tensor(0.9430)
focused,0,0.0,tensor(0.9436)
focused,0,0.0,tensor(0.9437)
focused,0,0.0,tensor(0.9456)
focused,0,0.0,tensor(0.9382)
focused,0,0.0,tensor(0.9364)
focused,0,0.0,tensor(0.9389)
focused,0,0.0,tensor(0.9373)
focused,0,0.0,tensor(0.9383)
focused,0,0.0,tensor(0.9281)
focused,0,0.0,tensor(0.9293)
focused,0,0.0,tensor(0.9301)
focused,0,0.0,tensor(0.9313)
focused,0,0.0,tensor(0.9366)
focused,0,0.0,tensor(0.9361)
focused,0,0.0,tensor(0.9335)
focused,0,0.0,tensor(0.9344)
focused,0,0.0,tensor(0.9330)
focused,0,0.0,tensor(0.9338)
focused,0,0.0,tensor(0.9352)
focused,0,0.0,tensor(0.9355)
focused,0,0.0,tensor(0.9369)
focused,0,0.0,tensor(0.9372)
focused,0,0.0,tensor(0.9380)
focused,0,0.0,tensor(0.9374)
focused,0,0.0,tensor(0.9380)
focused,0,0.0,tensor(0.9387)
focused,0,0.0,tensor(0.9396)
focused,0,0.0,tensor(0.9437)
focused,0,0.0,tensor(0.9466)
focused,0,0.0,tensor(0.9468)
focused,0,0.0,tensor(0.9467)
focused,0,0.0,tensor(0.9554)
focused,0,0.0,tensor(0.9552)
focused,0,0.0,tensor(0.9528)
focused,0,0.0,tensor(0.9505)
focused,0,0.0,tensor(0.9508)
focused,0,0.0,tensor(0.9482)
focused,0,0.0,tensor(0.9517)
focused,0,0.0,tensor(0.9513)
focused,0,0.0,tensor(0.9529)
focused,0,0.0,tensor(0.9524)
focused,0,0.0,tensor(0.9525)
focused,0,0.0,tensor(0.9426)
focused,0,0.0,tensor(0.9424)
focused,0,0.0,tensor(0.9398)
focused,0,0.0,tensor(0.9405)
focused,0,0.0,tensor(0.9414)
focused,0,0.0,tensor(0.9459)
focused,0,0.0,tensor(0.9474)
focused,0,0.0,tensor(0.9487)
focused,0,0.0,tensor(0.9481)
focused,0,0.0,tensor(0.9481)
focused,0,0.0,tensor(0.9477)
focused,0,0.0,tensor(0.9463)
focused,0,0.0,tensor(0.9462)
focused,0,0.0,tensor(0.9258)
focused,0,0.0,tensor(0.9307)
focused,0,0.0,tensor(0.8141)
focused,0,0.0,tensor(0.9553)
focused,0,0.0,tensor(0.9622)
focused,0,0.0,tensor(0.9537)
focused,0,0.0,tensor(0.9534)
focused,0,0.0,tensor(0.9295)
focused,0,0.0,tensor(0.9208)
focused,0,0.0,tensor(0.9226)
focused,0,0.0,tensor(0.9029)
focused,0,0.0,tensor(0.9056)
focused,0,0.0,tensor(0.9239)
focused,0,0.0,tensor(0.9327)
focused,0,0.0,tensor(0.9164)
focused,0,0.0,tensor(0.9348)
focused,0,0.0,tensor(0.9338)
focused,0,0.0,tensor(0.9276)
unfocused,0,0.0,tensor(0.7718)
unfocused,0,0.0,tensor(0.9411)
unfocused,0,0.0,tensor(0.9423)
unfocused,0,0.0,tensor(0.9188)
unfocused,0,0.0,tensor(0.8967)
unfocused,0,0.0,tensor(0.9393)
unfocused,0,0.0,tensor(0.9412)
unfocused,0,0.0,tensor(0.9431)
unfocused,0,0.0,tensor(0.9386)
unfocused,0,0.0,tensor(0.8696)
unfocused,0,0.0,tensor(0.7211)
unfocused,0,0.0,tensor(0.6348)
unfocused,0,0.0,tensor(0.6077)
unfocused,0,0.0,tensor(0.5991)
unfocused,0,0.0,tensor(0.6007)
unfocused,0,0.0,tensor(0.5991)
unfocused,0,0.0,tensor(0.6193)
focused,0,0.0,tensor(0.6099)
unfocused,0,0.0,tensor(0.6775)
focused,0,0.0,tensor(0.6765)
unfocused,0,0.0,tensor(0.8354)
unfocused,0,0.0,tensor(0.8360)
unfocused,0,0.0,tensor(0.8632)
unfocused,0,0.0,tensor(0.8546)
focused,0,0.0,tensor(0.8533)
unfocused,0,0.0,tensor(0.7475)
unfocused,0,0.0,tensor(0.7109)
unfocused,0,0.0,tensor(0.8244)
unfocused,0,0.0,tensor(0.8466)
unfocused,0,0.0,tensor(0.7910)
unfocused,0,0.0,tensor(0.6060)
unfocused,0,0.0,tensor(0.5558)
unfocused,0,0.0,tensor(0.5592)
unfocused,0,0.0,tensor(0.6431)
unfocused,0,0.0,tensor(0.6317)
unfocused,0,0.0,tensor(0.7973)
unfocused,0,0.0,tensor(0.7954)
focused,0,0.0,tensor(0.8795)
focused,0,0.0,tensor(0.7501)
focused,0,0.0,tensor(0.8728)
focused,0,0.0,tensor(0.6835)
focused,0,0.0,tensor(0.8795)
focused,0,0.0,tensor(0.6897)
focused,0,0.0,tensor(0.8782)
focused,0,0.0,tensor(0.7387)
focused,0,0.0,tensor(0.8561)
focused,0,0.0,tensor(0.7419)
focused,0,0.0,tensor(0.8890)
focused,0,0.0,tensor(0.7898)
focused,0,0.0,tensor(0.8370)
focused,0,0.0,tensor(0.7758)
focused,0,0.0,tensor(0.8075)
focused,0,0.0,tensor(0.6366)
focused,0,0.0,tensor(0.8062)
focused,0,0.0,tensor(0.6299)
unfocused,0,0.0,tensor(0.8702)
unfocused,0,0.0,tensor(0.8708)
unfocused,0,0.0,tensor(0.9181)
unfocused,0,0.0,tensor(0.9068)
focused,0,0.0,tensor(0.6765)
unfocused,0,0.0,tensor(0.9019)
focused,0,0.0,tensor(0.6792)
unfocused,0,0.0,tensor(0.9053)
unfocused,0,0.0,tensor(0.8438)
unfocused,0,0.0,tensor(0.9339)
unfocused,0,0.0,tensor(0.8591)
unfocused,0,0.0,tensor(0.9357)
unfocused,0,0.0,tensor(0.8423)
unfocused,0,0.0,tensor(0.9354)
unfocused,0,0.0,tensor(0.8516)
unfocused,0,0.0,tensor(0.9392)
unfocused,0,0.0,tensor(0.8577)
unfocused,0,0.0,tensor(0.9357)
unfocused,0,0.0,tensor(0.8668)
unfocused,0,0.0,tensor(0.9322)
unfocused,0,0.0,tensor(0.8496)
unfocused,0,0.0,tensor(0.9292)
unfocused,0,0.0,tensor(0.8219)
unfocused,0,0.0,tensor(0.9292)
unfocused,0,0.0,tensor(0.8144)
unfocused,0,0.0,tensor(0.9228)
unfocused,0,0.0,tensor(0.8028)
unfocused,0,0.0,tensor(0.9208)
unfocused,0,0.0,tensor(0.8877)
unfocused,0,0.0,tensor(0.9320)
unfocused,0,0.0,tensor(0.9319)
unfocused,0,0.0,tensor(0.9254)
unfocused,0,0.0,tensor(0.9237)
unfocused,0,0.0,tensor(0.9248)
unfocused,0,0.0,tensor(0.9207)
unfocused,0,0.0,tensor(0.9184)
focused,0,0.0,tensor(0.5589)
unfocused,0,0.0,tensor(0.9200)
focused,0,0.0,tensor(0.5893)
unfocused,0,0.0,tensor(0.9091)
focused,0,0.0,tensor(0.6827)
unfocused,0,0.0,tensor(0.9058)
focused,0,0.0,tensor(0.5875)
unfocused,0,0.0,tensor(0.9042)
focused,0,0.0,tensor(0.5859)
unfocused,0,0.0,tensor(0.8967)
focused,0,0.0,tensor(0.5519)
unfocused,0,0.0,tensor(0.8943)
unfocused,0,0.0,tensor(0.9000)
unfocused,0,0.0,tensor(0.9040)
unfocused,0,0.0,tensor(0.8366)
unfocused,0,0.0,tensor(0.9023)
unfocused,0,0.0,tensor(0.8201)
unfocused,0,0.0,tensor(0.9069)
unfocused,0,0.0,tensor(0.8200)
unfocused,0,0.0,tensor(0.9140)
unfocused,0,0.0,tensor(0.8567)
unfocused,0,0.0,tensor(0.9175)
unfocused,0,0.0,tensor(0.8576)
unfocused,0,0.0,tensor(0.9148)
unfocused,0,0.0,tensor(0.8939)
unfocused,0,0.0,tensor(0.9164)
unfocused,0,0.0,tensor(0.9007)
unfocused,0,0.0,tensor(0.9207)
unfocused,0,0.0,tensor(0.9118)
unfocused,0,0.0,tensor(0.9194)
unfocused,0,0.0,tensor(0.9185)
unfocused,0,0.0,tensor(0.9189)
unfocused,0,0.0,tensor(0.9135)
unfocused,0,0.0,tensor(0.9064)
unfocused,0,0.0,tensor(0.9039)
unfocused,0,0.0,tensor(0.9063)
unfocused,0,0.0,tensor(0.9018)
unfocused,0,0.0,tensor(0.8965)
unfocused,0,0.0,tensor(0.8918)
unfocused,0,0.0,tensor(0.8809)
unfocused,0,0.0,tensor(0.8646)
unfocused,0,0.0,tensor(0.8881)
unfocused,0,0.0,tensor(0.8612)
unfocused,0,0.0,tensor(0.8905)
unfocused,0,0.0,tensor(0.8457)
unfocused,0,0.0,tensor(0.8334)
unfocused,0,0.0,tensor(0.7316)
unfocused,0,0.0,tensor(0.8454)
unfocused,0,0.0,tensor(0.7478)
unfocused,0,0.0,tensor(0.8277)
unfocused,0,0.0,tensor(0.8141)
unfocused,0,0.0,tensor(0.5691)
unfocused,0,0.0,tensor(0.7828)
focused,0,0.0,tensor(0.7207)
unfocused,0,0.0,tensor(0.8170)
focused,0,0.0,tensor(0.6862)
unfocused,0,0.0,tensor(0.8762)
unfocused,0,0.0,tensor(0.8852)
unfocused,0,0.0,tensor(0.6755)
unfocused,0,0.0,tensor(0.8951)
unfocused,0,0.0,tensor(0.6886)
unfocused,0,0.0,tensor(0.9067)
unfocused,0,0.0,tensor(0.8232)
unfocused,0,0.0,tensor(0.9050)
unfocused,0,0.0,tensor(0.8105)
unfocused,0,0.0,tensor(0.8583)
unfocused,0,0.0,tensor(0.6672)
unfocused,0,0.0,tensor(0.8694)
unfocused,0,0.0,tensor(0.6359)
unfocused,0,0.0,tensor(0.8655)
unfocused,0,0.0,tensor(0.8253)
unfocused,0,0.0,tensor(0.8785)
focused,0,0.0,tensor(0.8228)
unfocused,0,0.0,tensor(0.8780)
focused,0,0.0,tensor(0.8319)
unfocused,0,0.0,tensor(0.8815)
focused,0,0.0,tensor(0.8417)
focused,0,0.0,tensor(0.8255)
unfocused,0,0.0,tensor(0.8101)
focused,0,0.0,tensor(0.8554)
unfocused,0,0.0,tensor(0.8142)
focused,0,0.0,tensor(0.8500)
unfocused,0,0.0,tensor(0.8101)
focused,0,0.0,tensor(0.8791)
unfocused,0,0.0,tensor(0.8403)
focused,0,0.0,tensor(0.8986)
unfocused,0,0.0,tensor(0.8493)
focused,0,0.0,tensor(0.9055)
unfocused,0,0.0,tensor(0.8929)
focused,0,0.0,tensor(0.9083)
unfocused,0,0.0,tensor(0.8888)
focused,0,0.0,tensor(0.9262)
unfocused,0,0.0,tensor(0.8595)
focused,0,0.0,tensor(0.9203)
unfocused,0,0.0,tensor(0.6878)
focused,0,0.0,tensor(0.9279)
unfocused,0,0.0,tensor(0.7292)
focused,0,0.0,tensor(0.9305)
unfocused,0,0.0,tensor(0.6921)
focused,0,0.0,tensor(0.9244)
unfocused,0,0.0,tensor(0.8960)
focused,0,0.0,tensor(0.9253)
unfocused,0,0.0,tensor(0.8957)
focused,0,0.0,tensor(0.9280)
unfocused,0,0.0,tensor(0.8010)
focused,0,0.0,tensor(0.9289)
unfocused,0,0.0,tensor(0.8363)
unfocused,0,0.0,tensor(0.5612)
focused,0,0.0,tensor(0.9276)
unfocused,0,0.0,tensor(0.8637)
unfocused,0,0.0,tensor(0.5825)
focused,0,0.0,tensor(0.9258)
unfocused,0,0.0,tensor(0.8556)
focused,0,0.0,tensor(0.9282)
unfocused,0,0.0,tensor(0.8174)
focused,0,0.0,tensor(0.9302)
unfocused,0,0.0,tensor(0.6592)
focused,0,0.0,tensor(0.9308)
unfocused,0,0.0,tensor(0.6382)
focused,0,0.0,tensor(0.9299)
unfocused,0,0.0,tensor(0.6208)
focused,0,0.0,tensor(0.9293)
unfocused,0,0.0,tensor(0.6411)
focused,0,0.0,tensor(0.9221)
unfocused,0,0.0,tensor(0.8496)
focused,0,0.0,tensor(0.8951)
unfocused,0,0.0,tensor(0.7956)
focused,0,0.0,tensor(0.8537)
unfocused,0,0.0,tensor(0.8351)
focused,0,0.0,tensor(0.8417)
unfocused,0,0.0,tensor(0.8384)
unfocused,0,0.0,tensor(0.8759)
focused,0,0.0,tensor(0.8516)
focused,0,0.0,tensor(0.8717)
unfocused,0,0.0,tensor(0.5888)
focused,0,0.0,tensor(0.8945)
unfocused,0,0.0,tensor(0.7232)
focused,0,0.0,tensor(0.8625)
unfocused,0,0.0,tensor(0.7308)
focused,0,0.0,tensor(0.8688)
unfocused,0,0.0,tensor(0.8443)
focused,0,0.0,tensor(0.8577)
unfocused,0,0.0,tensor(0.8434)
unfocused,0,0.0,tensor(0.8480)
focused,0,0.0,tensor(0.8206)
unfocused,0,0.0,tensor(0.8387)
focused,0,0.0,tensor(0.7311)
unfocused,0,0.0,tensor(0.8444)
focused,0,0.0,tensor(0.7387)
unfocused,0,0.0,tensor(0.8358)
focused,0,0.0,tensor(0.8168)
unfocused,0,0.0,tensor(0.8616)
focused,0,0.0,tensor(0.7707)
unfocused,0,0.0,tensor(0.8964)
unfocused,0,0.0,tensor(0.8373)
focused,0,0.0,tensor(0.6969)
unfocused,0,0.0,tensor(0.8374)
focused,0,0.0,tensor(0.7759)
unfocused,0,0.0,tensor(0.6186)
unfocused,0,0.0,tensor(0.8758)
focused,0,0.0,tensor(0.7950)
unfocused,0,0.0,tensor(0.7842)
unfocused,0,0.0,tensor(0.8862)
focused,0,0.0,tensor(0.8276)
unfocused,0,0.0,tensor(0.8125)
unfocused,0,0.0,tensor(0.9037)
focused,0,0.0,tensor(0.8138)
unfocused,0,0.0,tensor(0.9048)
focused,0,0.0,tensor(0.8773)
unfocused,0,0.0,tensor(0.9041)
focused,0,0.0,tensor(0.8649)
unfocused,0,0.0,tensor(0.9020)
focused,0,0.0,tensor(0.8812)
unfocused,0,0.0,tensor(0.9066)
focused,0,0.0,tensor(0.8793)
unfocused,0,0.0,tensor(0.9055)
focused,0,0.0,tensor(0.8750)
unfocused,0,0.0,tensor(0.8954)
focused,0,0.0,tensor(0.8560)
unfocused,0,0.0,tensor(0.9021)
focused,0,0.0,tensor(0.8595)
unfocused,0,0.0,tensor(0.9024)
focused,0,0.0,tensor(0.8573)
focused,0,0.0,tensor(0.9288)
unfocused,0,0.0,tensor(0.8712)
focused,0,0.0,tensor(0.9279)
unfocused,0,0.0,tensor(0.8690)
focused,0,0.0,tensor(0.9317)
unfocused,0,0.0,tensor(0.8805)
focused,0,0.0,tensor(0.9337)
unfocused,0,0.0,tensor(0.8844)
focused,0,0.0,tensor(0.9329)
unfocused,0,0.0,tensor(0.9036)
focused,0,0.0,tensor(0.9332)
unfocused,0,0.0,tensor(0.9068)
focused,0,0.0,tensor(0.9337)
unfocused,0,0.0,tensor(0.8924)
unfocused,0,0.0,tensor(0.7953)
unfocused,0,0.0,tensor(0.9286)
unfocused,0,0.0,tensor(0.9158)
unfocused,0,0.0,tensor(0.9237)
unfocused,0,0.0,tensor(0.9502)
unfocused,0,0.0,tensor(0.9613)
unfocused,0,0.0,tensor(0.9616)
unfocused,0,0.0,tensor(0.9565)
unfocused,0,0.0,tensor(0.9556)
unfocused,0,0.0,tensor(0.9559)
unfocused,0,0.0,tensor(0.9562)
unfocused,0,0.0,tensor(0.9543)
unfocused,0,0.0,tensor(0.9510)
unfocused,0,0.0,tensor(0.9504)
unfocused,0,0.0,tensor(0.8917)
unfocused,0,0.0,tensor(0.9333)
unfocused,0,0.0,tensor(0.9612)
unfocused,0,0.0,tensor(0.9580)
unfocused,0,0.0,tensor(0.9578)
unfocused,0,0.0,tensor(0.9339)
unfocused,0,0.0,tensor(0.9305)
unfocused,0,0.0,tensor(0.9163)
unfocused,0,0.0,tensor(0.9005)
unfocused,0,0.0,tensor(0.9169)
unfocused,0,0.0,tensor(0.9424)
unfocused,0,0.0,tensor(0.9388)
unfocused,0,0.0,tensor(0.9602)
unfocused,0,0.0,tensor(0.9614)
unfocused,0,0.0,tensor(0.9617)
unfocused,0,0.0,tensor(0.9612)
unfocused,0,0.0,tensor(0.9580)
unfocused,0,0.0,tensor(0.9577)
unfocused,0,0.0,tensor(0.9580)
unfocused,0,0.0,tensor(0.9557)
unfocused,0,0.0,tensor(0.9526)
unfocused,0,0.0,tensor(0.9547)
unfocused,0,0.0,tensor(0.9547)
unfocused,0,0.0,tensor(0.9537)
unfocused,0,0.0,tensor(0.9497)
unfocused,0,0.0,tensor(0.9501)
unfocused,0,0.0,tensor(0.9348)
unfocused,0,0.0,tensor(0.9357)
unfocused,0,0.0,tensor(0.9314)
unfocused,0,0.0,tensor(0.5815)
unfocused,0,0.0,tensor(0.6583)
unfocused,0,0.0,tensor(0.9378)
unfocused,0,0.0,tensor(0.9353)
unfocused,0,0.0,tensor(0.9502)
unfocused,0,0.0,tensor(0.9562)
unfocused,0,0.0,tensor(0.9448)
unfocused,0,0.0,tensor(0.9306)
unfocused,0,0.0,tensor(0.9326)
unfocused,0,0.0,tensor(0.9375)
unfocused,0,0.0,tensor(0.9405)
unfocused,0,0.0,tensor(0.9191)
unfocused,0,0.0,tensor(0.9073)
unfocused,0,0.0,tensor(0.9108)
unfocused,0,0.0,tensor(0.8262)
unfocused,0,0.0,tensor(0.9299)
unfocused,0,0.0,tensor(0.9356)
unfocused,0,0.0,tensor(0.9400)
unfocused,0,0.0,tensor(0.9493)
unfocused,0,0.0,tensor(0.9501)
unfocused,0,0.0,tensor(0.9520)
unfocused,0,0.0,tensor(0.9504)
unfocused,0,0.0,tensor(0.9497)
unfocused,0,0.0,tensor(0.9487)
unfocused,0,0.0,tensor(0.9507)
unfocused,0,0.0,tensor(0.9419)
unfocused,0,0.0,tensor(0.9510)
unfocused,0,0.0,tensor(0.9538)
unfocused,0,0.0,tensor(0.9541)
unfocused,0,0.0,tensor(0.9513)
unfocused,0,0.0,tensor(0.9519)
unfocused,0,0.0,tensor(0.9279)
unfocused,0,0.0,tensor(0.9254)
unfocused,0,0.0,tensor(0.9385)
unfocused,0,0.0,tensor(0.9145)
unfocused,0,0.0,tensor(0.8437)
unfocused,0,0.0,tensor(0.7095)
unfocused,0,0.0,tensor(0.6170)
unfocused,0,0.0,tensor(0.6817)
focused,0,0.0,tensor(0.7308)
focused,0,0.0,tensor(0.6382)
focused,0,0.0,tensor(0.6901)
focused,0,0.0,tensor(0.8636)
focused,0,0.0,tensor(0.9323)
focused,0,0.0,tensor(0.9328)
focused,0,0.0,tensor(0.9246)
focused,0,0.0,tensor(0.9301)
focused,0,0.0,tensor(0.9218)
focused,0,0.0,tensor(0.9239)
focused,0,0.0,tensor(0.9228)
focused,0,0.0,tensor(0.9143)
focused,0,0.0,tensor(0.9307)
focused,0,0.0,tensor(0.9309)
focused,0,0.0,tensor(0.9319)
focused,0,0.0,tensor(0.9346)
focused,0,0.0,tensor(0.9358)
focused,0,0.0,tensor(0.9301)
focused,0,0.0,tensor(0.9295)
focused,0,0.0,tensor(0.9365)
focused,0,0.0,tensor(0.9337)
focused,0,0.0,tensor(0.9333)
focused,0,0.0,tensor(0.8276)
focused,0,0.0,tensor(0.8618)
focused,0,0.0,tensor(0.8322)
focused,0,0.0,tensor(0.7243)
focused,0,0.0,tensor(0.8090)
focused,0,0.0,tensor(0.8367)
focused,0,0.0,tensor(0.8173)
focused,0,0.0,tensor(0.9067)
focused,0,0.0,tensor(0.9024)
focused,0,0.0,tensor(0.9020)
focused,0,0.0,tensor(0.7977)
focused,0,0.0,tensor(0.8129)
unfocused,0,0.0,tensor(0.8229)
unfocused,0,0.0,tensor(0.8457)
unfocused,0,0.0,tensor(0.7128)
focused,0,0.0,tensor(0.5825)
unfocused,0,0.0,tensor(0.7314)
unfocused,0,0.0,tensor(0.7947)
focused,0,0.0,tensor(0.6207)
focused,0,0.0,tensor(0.6162)
focused,0,0.0,tensor(0.6258)
focused,0,0.0,tensor(0.9324)
unfocused,0,0.0,tensor(0.8749)
focused,0,0.0,tensor(0.9329)
unfocused,0,0.0,tensor(0.8728)
focused,0,0.0,tensor(0.9329)
unfocused,0,0.0,tensor(0.8706)
focused,0,0.0,tensor(0.9326)
unfocused,0,0.0,tensor(0.8855)
focused,0,0.0,tensor(0.9323)
unfocused,0,0.0,tensor(0.8830)
focused,0,0.0,tensor(0.9339)
unfocused,0,0.0,tensor(0.8877)
focused,0,0.0,tensor(0.9339)
unfocused,0,0.0,tensor(0.8852)
focused,0,0.0,tensor(0.9330)
unfocused,0,0.0,tensor(0.8832)
focused,0,0.0,tensor(0.9334)
unfocused,0,0.0,tensor(0.8789)
focused,0,0.0,tensor(0.9237)
unfocused,0,0.0,tensor(0.8952)
focused,0,0.0,tensor(0.9240)
unfocused,0,0.0,tensor(0.8927)
focused,0,0.0,tensor(0.9227)
unfocused,0,0.0,tensor(0.8967)
unfocused,0,0.0,tensor(0.8915)
focused,0,0.0,tensor(0.8218)
unfocused,0,0.0,tensor(0.8943)
focused,0,0.0,tensor(0.8516)
unfocused,0,0.0,tensor(0.8865)
focused,0,0.0,tensor(0.8014)
unfocused,0,0.0,tensor(0.8821)
focused,0,0.0,tensor(0.6795)
unfocused,0,0.0,tensor(0.8787)
focused,0,0.0,tensor(0.6554)
unfocused,0,0.0,tensor(0.8843)
focused,0,0.0,tensor(0.6484)
unfocused,0,0.0,tensor(0.8709)
focused,0,0.0,tensor(0.5650)
unfocused,0,0.0,tensor(0.8587)
focused,0,0.0,tensor(0.5761)
unfocused,0,0.0,tensor(0.8566)
focused,0,0.0,tensor(0.6120)
unfocused,0,0.0,tensor(0.8679)
focused,0,0.0,tensor(0.6833)
unfocused,0,0.0,tensor(0.8748)
focused,0,0.0,tensor(0.6609)
unfocused,0,0.0,tensor(0.8740)
focused,0,0.0,tensor(0.7721)
unfocused,0,0.0,tensor(0.8455)
focused,0,0.0,tensor(0.7318)
unfocused,0,0.0,tensor(0.8577)
focused,0,0.0,tensor(0.7492)
unfocused,0,0.0,tensor(0.8523)
focused,0,0.0,tensor(0.7485)
unfocused,0,0.0,tensor(0.8421)
unfocused,0,0.0,tensor(0.8486)
unfocused,0,0.0,tensor(0.8292)
unfocused,0,0.0,tensor(0.6323)
unfocused,0,0.0,tensor(0.8659)
unfocused,0,0.0,tensor(0.7920)
unfocused,0,0.0,tensor(0.8704)
unfocused,0,0.0,tensor(0.8017)
unfocused,0,0.0,tensor(0.8702)
unfocused,0,0.0,tensor(0.8208)
unfocused,0,0.0,tensor(0.8896)
unfocused,0,0.0,tensor(0.8349)
unfocused,0,0.0,tensor(0.9752)
focused,0,0.0,tensor(0.8920)
unfocused,0,0.0,tensor(0.9744)
focused,0,0.0,tensor(0.8855)
unfocused,0,0.0,tensor(0.9718)
focused,0,0.0,tensor(0.8833)
unfocused,0,0.0,tensor(0.9714)
focused,0,0.0,tensor(0.8816)
unfocused,0,0.0,tensor(0.9571)
focused,0,0.0,tensor(0.8746)
unfocused,0,0.0,tensor(0.9506)
focused,0,0.0,tensor(0.8708)
unfocused,0,0.0,tensor(0.9726)
focused,0,0.0,tensor(0.8724)
unfocused,0,0.0,tensor(0.9267)
focused,0,0.0,tensor(0.8769)
unfocused,0,0.0,tensor(0.9220)
focused,0,0.0,tensor(0.8784)
focused,0,0.0,tensor(0.9608)
focused,0,0.0,tensor(0.8749)
focused,0,0.0,tensor(0.9608)
focused,0,0.0,tensor(0.8782)
unfocused,0,0.0,tensor(0.9638)
focused,0,0.0,tensor(0.8830)
unfocused,0,0.0,tensor(0.6608)
unfocused,0,0.0,tensor(0.9637)
focused,0,0.0,tensor(0.8832)
unfocused,0,0.0,tensor(0.6626)
unfocused,0,0.0,tensor(0.9632)
focused,0,0.0,tensor(0.8822)
unfocused,0,0.0,tensor(0.6677)
unfocused,0,0.0,tensor(0.9707)
focused,0,0.0,tensor(0.8838)
unfocused,0,0.0,tensor(0.9705)
focused,0,0.0,tensor(0.8818)
unfocused,0,0.0,tensor(0.9673)
focused,0,0.0,tensor(0.8859)
unfocused,0,0.0,tensor(0.9661)
focused,0,0.0,tensor(0.8888)
unfocused,0,0.0,tensor(0.9663)
focused,0,0.0,tensor(0.8863)
unfocused,0,0.0,tensor(0.9591)
focused,0,0.0,tensor(0.8837)
unfocused,0,0.0,tensor(0.9627)
focused,0,0.0,tensor(0.8891)
unfocused,0,0.0,tensor(0.9656)
focused,0,0.0,tensor(0.9001)
unfocused,0,0.0,tensor(0.9657)
focused,0,0.0,tensor(0.9016)
unfocused,0,0.0,tensor(0.9715)
focused,0,0.0,tensor(0.9049)
unfocused,0,0.0,tensor(0.9716)
focused,0,0.0,tensor(0.9066)
unfocused,0,0.0,tensor(0.9704)
focused,0,0.0,tensor(0.9040)
unfocused,0,0.0,tensor(0.9704)
focused,0,0.0,tensor(0.9164)
unfocused,0,0.0,tensor(0.9702)
focused,0,0.0,tensor(0.9149)
unfocused,0,0.0,tensor(0.9700)
focused,0,0.0,tensor(0.9095)
unfocused,0,0.0,tensor(0.9668)
focused,0,0.0,tensor(0.9021)
unfocused,0,0.0,tensor(0.9315)
focused,0,0.0,tensor(0.9114)
focused,0,0.0,tensor(0.9053)
focused,0,0.0,tensor(0.7735)
focused,0,0.0,tensor(0.8982)
unfocused,0,0.0,tensor(0.8329)
focused,0,0.0,tensor(0.8994)
unfocused,0,0.0,tensor(0.8193)
focused,0,0.0,tensor(0.8978)
unfocused,0,0.0,tensor(0.8217)
focused,0,0.0,tensor(0.7974)
focused,0,0.0,tensor(0.8974)
focused,0,0.0,tensor(0.8832)
unfocused,0,0.0,tensor(0.7848)
focused,0,0.0,tensor(0.8942)
focused,0,0.0,tensor(0.8073)
unfocused,0,0.0,tensor(0.6332)
focused,0,0.0,tensor(0.8914)
focused,0,0.0,tensor(0.7854)
unfocused,0,0.0,tensor(0.6985)
focused,0,0.0,tensor(0.8954)
focused,0,0.0,tensor(0.8293)
unfocused,0,0.0,tensor(0.5772)
focused,0,0.0,tensor(0.8959)
focused,0,0.0,tensor(0.8199)
unfocused,0,0.0,tensor(0.6138)
focused,0,0.0,tensor(0.8944)
focused,0,0.0,tensor(0.6629)
unfocused,0,0.0,tensor(0.6513)
focused,0,0.0,tensor(0.9280)
focused,0,0.0,tensor(0.8916)
focused,0,0.0,tensor(0.9393)
focused,0,0.0,tensor(0.8911)
focused,0,0.0,tensor(0.9080)
focused,0,0.0,tensor(0.9008)
focused,0,0.0,tensor(0.9120)
focused,0,0.0,tensor(0.9011)
focused,0,0.0,tensor(0.9578)
focused,0,0.0,tensor(0.8980)
focused,0,0.0,tensor(0.9539)
focused,0,0.0,tensor(0.9452)
unfocused,0,0.0,tensor(0.9348)
focused,0,0.0,tensor(0.9544)
focused,0,0.0,tensor(0.9451)
unfocused,0,0.0,tensor(0.9363)
focused,0,0.0,tensor(0.9543)
focused,0,0.0,tensor(0.9451)
unfocused,0,0.0,tensor(0.9377)
focused,0,0.0,tensor(0.9555)
focused,0,0.0,tensor(0.9465)
unfocused,0,0.0,tensor(0.9372)
focused,0,0.0,tensor(0.9553)
focused,0,0.0,tensor(0.9459)
unfocused,0,0.0,tensor(0.9349)
focused,0,0.0,tensor(0.9553)
focused,0,0.0,tensor(0.9473)
unfocused,0,0.0,tensor(0.9435)
focused,0,0.0,tensor(0.9562)
unfocused,0,0.0,tensor(0.9535)
focused,0,0.0,tensor(0.9489)
focused,0,0.0,tensor(0.9565)
unfocused,0,0.0,tensor(0.9490)
focused,0,0.0,tensor(0.9481)
focused,0,0.0,tensor(0.9561)
unfocused,0,0.0,tensor(0.9538)
focused,0,0.0,tensor(0.8374)
unfocused,0,0.0,tensor(0.9567)
focused,0,0.0,tensor(0.9548)
focused,0,0.0,tensor(0.7544)
focused,0,0.0,tensor(0.9531)
unfocused,0,0.0,tensor(0.9524)
focused,0,0.0,tensor(0.9501)
focused,0,0.0,tensor(0.9532)
unfocused,0,0.0,tensor(0.9514)
focused,0,0.0,tensor(0.9505)
focused,0,0.0,tensor(0.9533)
unfocused,0,0.0,tensor(0.9511)
focused,0,0.0,tensor(0.9506)
focused,0,0.0,tensor(0.9539)
focused,0,0.0,tensor(0.9513)
unfocused,0,0.0,tensor(0.9509)
focused,0,0.0,tensor(0.9542)
focused,0,0.0,tensor(0.9509)
unfocused,0,0.0,tensor(0.9498)
focused,0,0.0,tensor(0.9526)
focused,0,0.0,tensor(0.9496)
unfocused,0,0.0,tensor(0.9318)
focused,0,0.0,tensor(0.9525)
focused,0,0.0,tensor(0.9496)
unfocused,0,0.0,tensor(0.9298)
focused,0,0.0,tensor(0.9495)
focused,0,0.0,tensor(0.9442)
unfocused,0,0.0,tensor(0.9338)
focused,0,0.0,tensor(0.9491)
focused,0,0.0,tensor(0.9437)
unfocused,0,0.0,tensor(0.9310)
focused,0,0.0,tensor(0.9481)
unfocused,0,0.0,tensor(0.9468)
focused,0,0.0,tensor(0.9413)
unfocused,0,0.0,tensor(0.9527)
focused,0,0.0,tensor(0.9471)
focused,0,0.0,tensor(0.9116)
focused,0,0.0,tensor(0.9478)
unfocused,0,0.0,tensor(0.9400)
focused,0,0.0,tensor(0.9339)
focused,0,0.0,tensor(0.9471)
unfocused,0,0.0,tensor(0.9422)
focused,0,0.0,tensor(0.9280)
unfocused,0,0.0,tensor(0.9679)
focused,0,0.0,tensor(0.9448)
focused,0,0.0,tensor(0.8867)
unfocused,0,0.0,tensor(0.9745)
focused,0,0.0,tensor(0.9469)
focused,0,0.0,tensor(0.9440)
unfocused,0,0.0,tensor(0.9134)
focused,0,0.0,tensor(0.9446)
unfocused,0,0.0,tensor(0.9189)
unfocused,0,0.0,tensor(0.9569)
focused,0,0.0,tensor(0.9504)
focused,0,0.0,tensor(0.9499)
unfocused,0,0.0,tensor(0.9487)
unfocused,0,0.0,tensor(0.9558)
focused,0,0.0,tensor(0.9470)
unfocused,0,0.0,tensor(0.9513)
focused,0,0.0,tensor(0.9489)
unfocused,0,0.0,tensor(0.9554)
focused,0,0.0,tensor(0.9481)
unfocused,0,0.0,tensor(0.9607)
focused,0,0.0,tensor(0.9512)
focused,0,0.0,tensor(0.5611)
unfocused,0,0.0,tensor(0.9639)
focused,0,0.0,tensor(0.9503)
focused,0,0.0,tensor(0.9059)
unfocused,0,0.0,tensor(0.9660)
focused,0,0.0,tensor(0.9496)
focused,0,0.0,tensor(0.9020)
focused,0,0.0,tensor(0.9507)
focused,0,0.0,tensor(0.9443)
unfocused,0,0.0,tensor(0.9441)
focused,0,0.0,tensor(0.9507)
unfocused,0,0.0,tensor(0.9496)
focused,0,0.0,tensor(0.9443)
focused,0,0.0,tensor(0.9515)
focused,0,0.0,tensor(0.9483)
unfocused,0,0.0,tensor(0.9323)
focused,0,0.0,tensor(0.9513)
focused,0,0.0,tensor(0.9485)
unfocused,0,0.0,tensor(0.9047)
focused,0,0.0,tensor(0.9514)
focused,0,0.0,tensor(0.9483)
unfocused,0,0.0,tensor(0.8961)
focused,0,0.0,tensor(0.9522)
focused,0,0.0,tensor(0.9505)
unfocused,0,0.0,tensor(0.9239)
focused,0,0.0,tensor(0.9523)
focused,0,0.0,tensor(0.9519)
unfocused,0,0.0,tensor(0.9422)
focused,0,0.0,tensor(0.9540)
focused,0,0.0,tensor(0.9469)
unfocused,0,0.0,tensor(0.9183)
focused,0,0.0,tensor(0.9540)
focused,0,0.0,tensor(0.9469)
unfocused,0,0.0,tensor(0.9110)
focused,0,0.0,tensor(0.9519)
focused,0,0.0,tensor(0.9509)
unfocused,0,0.0,tensor(0.9224)
focused,0,0.0,tensor(0.9525)
focused,0,0.0,tensor(0.9516)
unfocused,0,0.0,tensor(0.9276)
focused,0,0.0,tensor(0.9482)
focused,0,0.0,tensor(0.9472)
unfocused,0,0.0,tensor(0.6562)
focused,0,0.0,tensor(0.6409)
focused,0,0.0,tensor(0.9489)
focused,0,0.0,tensor(0.9487)
focused,0,0.0,tensor(0.6901)
unfocused,0,0.0,tensor(0.6073)
focused,0,0.0,tensor(0.9505)
focused,0,0.0,tensor(0.9465)
focused,0,0.0,tensor(0.9259)
focused,0,0.0,tensor(0.9418)
focused,0,0.0,tensor(0.9416)
focused,0,0.0,tensor(0.9209)
focused,0,0.0,tensor(0.9416)
focused,0,0.0,tensor(0.9395)
focused,0,0.0,tensor(0.9245)
focused,0,0.0,tensor(0.9410)
focused,0,0.0,tensor(0.9392)
focused,0,0.0,tensor(0.9194)
focused,0,0.0,tensor(0.9437)
focused,0,0.0,tensor(0.9423)
unfocused,0,0.0,tensor(0.7938)
focused,0,0.0,tensor(0.9458)
focused,0,0.0,tensor(0.9441)
unfocused,0,0.0,tensor(0.9385)
focused,0,0.0,tensor(0.9463)
focused,0,0.0,tensor(0.9432)
unfocused,0,0.0,tensor(0.9394)
unfocused,0,0.0,tensor(0.9465)
focused,0,0.0,tensor(0.9430)
focused,0,0.0,tensor(0.9422)
unfocused,0,0.0,tensor(0.9450)
focused,0,0.0,tensor(0.9443)
focused,0,0.0,tensor(0.9429)
focused,0,0.0,tensor(0.9544)
unfocused,0,0.0,tensor(0.9526)
focused,0,0.0,tensor(0.9515)
focused,0,0.0,tensor(0.9546)
unfocused,0,0.0,tensor(0.9527)
focused,0,0.0,tensor(0.9516)
focused,0,0.0,tensor(0.9528)
focused,0,0.0,tensor(0.9517)
unfocused,0,0.0,tensor(0.9380)
focused,0,0.0,tensor(0.9551)
focused,0,0.0,tensor(0.9430)
unfocused,0,0.0,tensor(0.9418)
focused,0,0.0,tensor(0.9547)
focused,0,0.0,tensor(0.9430)
unfocused,0,0.0,tensor(0.9403)
focused,0,0.0,tensor(0.9579)
unfocused,0,0.0,tensor(0.9501)
focused,0,0.0,tensor(0.9015)
focused,0,0.0,tensor(0.9577)
unfocused,0,0.0,tensor(0.9501)
focused,0,0.0,tensor(0.8967)
focused,0,0.0,tensor(0.9511)
unfocused,0,0.0,tensor(0.9476)
focused,0,0.0,tensor(0.9061)
unfocused,0,0.0,tensor(0.9510)
focused,0,0.0,tensor(0.9471)
focused,0,0.0,tensor(0.9318)
unfocused,0,0.0,tensor(0.9491)
focused,0,0.0,tensor(0.9469)
focused,0,0.0,tensor(0.9330)
unfocused,0,0.0,tensor(0.9537)
focused,0,0.0,tensor(0.9475)
focused,0,0.0,tensor(0.9333)
focused,0,0.0,tensor(0.9468)
focused,0,0.0,tensor(0.9289)
unfocused,0,0.0,tensor(0.9143)
focused,0,0.0,tensor(0.9469)
focused,0,0.0,tensor(0.9371)
unfocused,0,0.0,tensor(0.8509)
focused,0,0.0,tensor(0.9454)
focused,0,0.0,tensor(0.9365)
unfocused,0,0.0,tensor(0.8328)
focused,0,0.0,tensor(0.9466)
focused,0,0.0,tensor(0.9384)
unfocused,0,0.0,tensor(0.7841)
focused,0,0.0,tensor(0.9501)
focused,0,0.0,tensor(0.9411)
unfocused,0,0.0,tensor(0.6149)
focused,0,0.0,tensor(0.9507)
focused,0,0.0,tensor(0.9407)
unfocused,0,0.0,tensor(0.5963)
focused,0,0.0,tensor(0.9483)
focused,0,0.0,tensor(0.9365)
unfocused,0,0.0,tensor(0.7381)
focused,0,0.0,tensor(0.9477)
focused,0,0.0,tensor(0.9371)
unfocused,0,0.0,tensor(0.7197)
focused,0,0.0,tensor(0.9529)
focused,0,0.0,tensor(0.9306)
focused,0,0.0,tensor(0.9532)
focused,0,0.0,tensor(0.9313)
unfocused,0,0.0,tensor(0.9604)
focused,0,0.0,tensor(0.9542)
focused,0,0.0,tensor(0.9276)
focused,0,0.0,tensor(0.9512)
unfocused,0,0.0,tensor(0.9491)
focused,0,0.0,tensor(0.9268)
focused,0,0.0,tensor(0.9523)
unfocused,0,0.0,tensor(0.9475)
focused,0,0.0,tensor(0.9273)
focused,0,0.0,tensor(0.9513)
unfocused,0,0.0,tensor(0.9492)
focused,0,0.0,tensor(0.9276)
focused,0,0.0,tensor(0.9523)
unfocused,0,0.0,tensor(0.9475)
focused,0,0.0,tensor(0.9164)
unfocused,0,0.0,tensor(0.9520)
focused,0,0.0,tensor(0.9445)
unfocused,0,0.0,tensor(0.6058)
unfocused,0,0.0,tensor(0.9522)
focused,0,0.0,tensor(0.9459)
focused,0,0.0,tensor(0.7083)
unfocused,0,0.0,tensor(0.6554)
unfocused,0,0.0,tensor(0.9507)
focused,0,0.0,tensor(0.9436)
focused,0,0.0,tensor(0.7456)
unfocused,0,0.0,tensor(0.6027)
unfocused,0,0.0,tensor(0.9525)
focused,0,0.0,tensor(0.9431)
focused,0,0.0,tensor(0.6882)
unfocused,0,0.0,tensor(0.6780)
unfocused,0,0.0,tensor(0.9601)
focused,0,0.0,tensor(0.9460)
focused,0,0.0,tensor(0.9308)
unfocused,0,0.0,tensor(0.9576)
focused,0,0.0,tensor(0.9503)
focused,0,0.0,tensor(0.9251)
unfocused,0,0.0,tensor(0.9559)
focused,0,0.0,tensor(0.9502)
focused,0,0.0,tensor(0.9279)
unfocused,0,0.0,tensor(0.9576)
focused,0,0.0,tensor(0.9496)
focused,0,0.0,tensor(0.9257)
focused,0,0.0,tensor(0.9557)
unfocused,0,0.0,tensor(0.9090)
focused,0,0.0,tensor(0.8221)
focused,0,0.0,tensor(0.9557)
unfocused,0,0.0,tensor(0.9037)
focused,0,0.0,tensor(0.8327)
focused,0,0.0,tensor(0.9560)
unfocused,0,0.0,tensor(0.9424)
focused,0,0.0,tensor(0.8833)
focused,0,0.0,tensor(0.9578)
focused,0,0.0,tensor(0.9341)
unfocused,0,0.0,tensor(0.5815)
focused,0,0.0,tensor(0.9579)
focused,0,0.0,tensor(0.9354)
unfocused,0,0.0,tensor(0.5822)
focused,0,0.0,tensor(0.9581)
focused,0,0.0,tensor(0.9344)
unfocused,0,0.0,tensor(0.5916)
focused,0,0.0,tensor(0.9568)
focused,0,0.0,tensor(0.9393)
unfocused,0,0.0,tensor(0.6499)
focused,0,0.0,tensor(0.9370)
focused,0,0.0,tensor(0.9243)
unfocused,0,0.0,tensor(0.7006)
focused,0,0.0,tensor(0.9331)
focused,0,0.0,tensor(0.9211)
unfocused,0,0.0,tensor(0.6699)
focused,0,0.0,tensor(0.9347)
focused,0,0.0,tensor(0.9211)
unfocused,0,0.0,tensor(0.6442)
focused,0,0.0,tensor(0.9358)
focused,0,0.0,tensor(0.9184)
unfocused,0,0.0,tensor(0.6730)
focused,0,0.0,tensor(0.9445)
focused,0,0.0,tensor(0.9323)
focused,0,0.0,tensor(0.9506)
focused,0,0.0,tensor(0.9460)
focused,0,0.0,tensor(0.9505)
focused,0,0.0,tensor(0.9468)
focused,0,0.0,tensor(0.9523)
focused,0,0.0,tensor(0.9367)
focused,0,0.0,tensor(0.9520)
focused,0,0.0,tensor(0.9379)
focused,0,0.0,tensor(0.9532)
focused,0,0.0,tensor(0.9315)
focused,0,0.0,tensor(0.9565)
focused,0,0.0,tensor(0.9367)
focused,0,0.0,tensor(0.9567)
focused,0,0.0,tensor(0.9373)
focused,0,0.0,tensor(0.9565)
focused,0,0.0,tensor(0.9326)
focused,0,0.0,tensor(0.9567)
focused,0,0.0,tensor(0.9322)
focused,0,0.0,tensor(0.9556)
focused,0,0.0,tensor(0.9271)
focused,0,0.0,tensor(0.9555)
focused,0,0.0,tensor(0.9280)
focused,0,0.0,tensor(0.9558)
focused,0,0.0,tensor(0.9245)
focused,0,0.0,tensor(0.9552)
focused,0,0.0,tensor(0.9229)
focused,0,0.0,tensor(0.9550)
focused,0,0.0,tensor(0.9238)
focused,0,0.0,tensor(0.9564)
focused,0,0.0,tensor(0.9192)
focused,0,0.0,tensor(0.9567)
focused,0,0.0,tensor(0.9209)
focused,0,0.0,tensor(0.9566)
focused,0,0.0,tensor(0.9234)
focused,0,0.0,tensor(0.9564)
focused,0,0.0,tensor(0.9220)
unfocused,0,0.0,tensor(0.7787)
focused,0,0.0,tensor(0.9561)
focused,0,0.0,tensor(0.9197)
unfocused,0,0.0,tensor(0.7496)
focused,0,0.0,tensor(0.9538)
focused,0,0.0,tensor(0.9242)
focused,0,0.0,tensor(0.9525)
focused,0,0.0,tensor(0.9238)
focused,0,0.0,tensor(0.9526)
focused,0,0.0,tensor(0.9252)
focused,0,0.0,tensor(0.9520)
focused,0,0.0,tensor(0.9259)
focused,0,0.0,tensor(0.9516)
focused,0,0.0,tensor(0.9256)
focused,0,0.0,tensor(0.9491)
focused,0,0.0,tensor(0.9260)
unfocused,0,0.0,tensor(0.9144)
focused,0,0.0,tensor(0.9485)
focused,0,0.0,tensor(0.9261)
unfocused,0,0.0,tensor(0.9165)
focused,0,0.0,tensor(0.9480)
focused,0,0.0,tensor(0.9264)
unfocused,0,0.0,tensor(0.8987)
focused,0,0.0,tensor(0.9482)
focused,0,0.0,tensor(0.9283)
unfocused,0,0.0,tensor(0.8884)
focused,0,0.0,tensor(0.9483)
focused,0,0.0,tensor(0.9282)
unfocused,0,0.0,tensor(0.8966)
focused,0,0.0,tensor(0.9504)
focused,0,0.0,tensor(0.9313)
unfocused,0,0.0,tensor(0.8965)
focused,0,0.0,tensor(0.9512)
focused,0,0.0,tensor(0.9339)
unfocused,0,0.0,tensor(0.8947)
focused,0,0.0,tensor(0.9515)
focused,0,0.0,tensor(0.9358)
unfocused,0,0.0,tensor(0.9038)
focused,0,0.0,tensor(0.9516)
focused,0,0.0,tensor(0.9360)
unfocused,0,0.0,tensor(0.8867)
focused,0,0.0,tensor(0.9517)
focused,0,0.0,tensor(0.9335)
unfocused,0,0.0,tensor(0.8962)
focused,0,0.0,tensor(0.9501)
focused,0,0.0,tensor(0.9341)
unfocused,0,0.0,tensor(0.8702)
focused,0,0.0,tensor(0.9503)
focused,0,0.0,tensor(0.9330)
unfocused,0,0.0,tensor(0.8671)
focused,0,0.0,tensor(0.9720)
unfocused,0,0.0,tensor(0.9602)
focused,0,0.0,tensor(0.9720)
unfocused,0,0.0,tensor(0.9604)
focused,0,0.0,tensor(0.9618)
unfocused,0,0.0,tensor(0.6544)
focused,0,0.0,tensor(0.9622)
unfocused,0,0.0,tensor(0.7112)
focused,0,0.0,tensor(0.9562)
focused,0,0.0,tensor(0.7020)
focused,0,0.0,tensor(0.9533)
unfocused,0,0.0,tensor(0.9525)
unfocused,0,0.0,tensor(0.8165)
focused,0,0.0,tensor(0.9525)
unfocused,0,0.0,tensor(0.9498)
unfocused,0,0.0,tensor(0.8027)
focused,0,0.0,tensor(0.9450)
focused,0,0.0,tensor(0.9037)
focused,0,0.0,tensor(0.9467)
focused,0,0.0,tensor(0.8417)
focused,0,0.0,tensor(0.9308)
unfocused,0,0.0,tensor(0.8244)
focused,0,0.0,tensor(0.9310)
unfocused,0,0.0,tensor(0.8603)
unfocused,0,0.0,tensor(0.9605)
focused,0,0.0,tensor(0.9322)
unfocused,0,0.0,tensor(0.9608)
focused,0,0.0,tensor(0.9263)
unfocused,0,0.0,tensor(0.9648)
unfocused,0,0.0,tensor(0.8710)
focused,0,0.0,tensor(0.7464)
unfocused,0,0.0,tensor(0.9498)
unfocused,0,0.0,tensor(0.9508)
unfocused,0,0.0,tensor(0.9189)
unfocused,0,0.0,tensor(0.9188)
focused,0,0.0,tensor(0.8161)
unfocused,0,0.0,tensor(0.7931)
focused,0,0.0,tensor(0.9240)
focused,0,0.0,tensor(0.8750)
unfocused,0,0.0,tensor(0.7564)
focused,0,0.0,tensor(0.8372)
unfocused,0,0.0,tensor(0.8152)
focused,0,0.0,tensor(0.8279)
unfocused,0,0.0,tensor(0.8279)
unfocused,0,0.0,tensor(0.9527)
unfocused,0,0.0,tensor(0.9537)
unfocused,0,0.0,tensor(0.9613)
unfocused,0,0.0,tensor(0.9601)
unfocused,0,0.0,tensor(0.9605)
unfocused,0,0.0,tensor(0.9554)
unfocused,0,0.0,tensor(0.9553)
unfocused,0,0.0,tensor(0.8144)
unfocused,0,0.0,tensor(0.9583)
focused,0,0.0,tensor(0.9043)
unfocused,0,0.0,tensor(0.6863)
unfocused,0,0.0,tensor(0.9578)
focused,0,0.0,tensor(0.9176)
unfocused,0,0.0,tensor(0.9570)
focused,0,0.0,tensor(0.9190)
unfocused,0,0.0,tensor(0.9503)
focused,0,0.0,tensor(0.9217)
focused,0,0.0,tensor(0.9573)
unfocused,0,0.0,tensor(0.9479)
focused,0,0.0,tensor(0.9665)
unfocused,0,0.0,tensor(0.9141)
focused,0,0.0,tensor(0.9666)
unfocused,0,0.0,tensor(0.9217)
focused,0,0.0,tensor(0.9685)
focused,0,0.0,tensor(0.8510)
focused,0,0.0,tensor(0.9683)
focused,0,0.0,tensor(0.8451)
focused,0,0.0,tensor(0.9631)
focused,0,0.0,tensor(0.9598)
focused,0,0.0,tensor(0.9677)
focused,0,0.0,tensor(0.9608)
focused,0,0.0,tensor(0.9565)
focused,0,0.0,tensor(0.9501)
focused,0,0.0,tensor(0.9564)
focused,0,0.0,tensor(0.9547)
focused,0,0.0,tensor(0.9668)
focused,0,0.0,tensor(0.9367)
focused,0,0.0,tensor(0.6645)
unfocused,0,0.0,tensor(0.6068)
focused,0,0.0,tensor(0.6444)
focused,0,0.0,tensor(0.6009)
unfocused,0,0.0,tensor(0.9454)
focused,0,0.0,tensor(0.6392)
unfocused,0,0.0,tensor(0.9426)
focused,0,0.0,tensor(0.6439)
unfocused,0,0.0,tensor(0.8770)
unfocused,0,0.0,tensor(0.8189)
unfocused,0,0.0,tensor(0.8816)
unfocused,0,0.0,tensor(0.8415)
unfocused,0,0.0,tensor(0.7465)
focused,0,0.0,tensor(0.7043)
focused,0,0.0,tensor(0.6184)
unfocused,0,0.0,tensor(0.7213)
focused,0,0.0,tensor(0.7072)
focused,0,0.0,tensor(0.6398)
focused,0,0.0,tensor(0.8794)
focused,0,0.0,tensor(0.8516)
focused,0,0.0,tensor(0.9517)
focused,0,0.0,tensor(0.9392)
focused,0,0.0,tensor(0.9496)
focused,0,0.0,tensor(0.9370)
focused,0,0.0,tensor(0.9432)
focused,0,0.0,tensor(0.9207)
focused,0,0.0,tensor(0.9432)
focused,0,0.0,tensor(0.9191)
focused,0,0.0,tensor(0.9654)
focused,0,0.0,tensor(0.9631)
focused,0,0.0,tensor(0.9656)
focused,0,0.0,tensor(0.9634)
focused,0,0.0,tensor(0.9715)
focused,0,0.0,tensor(0.9603)
focused,0,0.0,tensor(0.9725)
focused,0,0.0,tensor(0.9606)
focused,0,0.0,tensor(0.9534)
unfocused,0,0.0,tensor(0.9106)
focused,0,0.0,tensor(0.9521)
unfocused,0,0.0,tensor(0.9065)
unfocused,0,0.0,tensor(0.9544)
unfocused,0,0.0,tensor(0.9479)
unfocused,0,0.0,tensor(0.9571)
unfocused,0,0.0,tensor(0.9195)
unfocused,0,0.0,tensor(0.9550)
unfocused,0,0.0,tensor(0.9325)
unfocused,0,0.0,tensor(0.9547)
unfocused,0,0.0,tensor(0.9309)
focused,0,0.0,tensor(0.9048)
unfocused,0,0.0,tensor(0.7461)
focused,0,0.0,tensor(0.9121)
unfocused,0,0.0,tensor(0.6906)
focused,0,0.0,tensor(0.9500)
focused,0,0.0,tensor(0.9492)
focused,0,0.0,tensor(0.9534)
focused,0,0.0,tensor(0.9524)
focused,0,0.0,tensor(0.9522)
focused,0,0.0,tensor(0.9517)
focused,0,0.0,tensor(0.9653)
focused,0,0.0,tensor(0.9627)
focused,0,0.0,tensor(0.9662)
focused,0,0.0,tensor(0.9363)
unfocused,0,0.0,tensor(0.5831)
focused,0,0.0,tensor(0.9660)
focused,0,0.0,tensor(0.9375)
unfocused,0,0.0,tensor(0.6147)
focused,0,0.0,tensor(0.9598)
focused,0,0.0,tensor(0.9566)
focused,0,0.0,tensor(0.9604)
focused,0,0.0,tensor(0.9557)
focused,0,0.0,tensor(0.9664)
focused,0,0.0,tensor(0.9627)
focused,0,0.0,tensor(0.9640)
focused,0,0.0,tensor(0.9621)
focused,0,0.0,tensor(0.9619)
focused,0,0.0,tensor(0.9597)
focused,0,0.0,tensor(0.9592)
focused,0,0.0,tensor(0.9457)
focused,0,0.0,tensor(0.9533)
focused,0,0.0,tensor(0.9534)
focused,0,0.0,tensor(0.9490)
focused,0,0.0,tensor(0.9485)
focused,0,0.0,tensor(0.9536)
focused,0,0.0,tensor(0.9551)
focused,0,0.0,tensor(0.6258)
focused,0,0.0,tensor(0.6211)
focused,0,0.0,tensor(0.6176)
unfocused,0,0.0,tensor(0.6268)
unfocused,0,0.0,tensor(0.7397)
unfocused,0,0.0,tensor(0.9286)
unfocused,0,0.0,tensor(0.9422)
unfocused,0,0.0,tensor(0.7383)
focused,0,0.0,tensor(0.5951)
unfocused,0,0.0,tensor(0.9388)
unfocused,0,0.0,tensor(0.7435)
focused,0,0.0,tensor(0.6060)
unfocused,0,0.0,tensor(0.9400)
unfocused,0,0.0,tensor(0.7025)
unfocused,0,0.0,tensor(0.9425)
unfocused,0,0.0,tensor(0.7103)
unfocused,0,0.0,tensor(0.9270)
unfocused,0,0.0,tensor(0.9324)
unfocused,0,0.0,tensor(0.7240)
unfocused,0,0.0,tensor(0.9289)
unfocused,0,0.0,tensor(0.7191)
unfocused,0,0.0,tensor(0.9121)
unfocused,0,0.0,tensor(0.6942)
unfocused,0,0.0,tensor(0.7765)
focused,0,0.0,tensor(0.6996)
focused,0,0.0,tensor(0.6062)
focused,0,0.0,tensor(0.7973)
unfocused,0,0.0,tensor(0.6447)
focused,0,0.0,tensor(0.6431)
focused,0,0.0,tensor(0.7857)
focused,0,0.0,tensor(0.6665)
unfocused,0,0.0,tensor(0.6381)
focused,0,0.0,tensor(0.8324)
focused,0,0.0,tensor(0.8062)
unfocused,0,0.0,tensor(0.7044)
focused,0,0.0,tensor(0.8401)
focused,0,0.0,tensor(0.8211)
unfocused,0,0.0,tensor(0.6815)
focused,0,0.0,tensor(0.5765)
focused,0,0.0,tensor(0.8159)
unfocused,0,0.0,tensor(0.7405)
focused,0,0.0,tensor(0.6103)
focused,0,0.0,tensor(0.8659)
focused,0,0.0,tensor(0.8215)
unfocused,0,0.0,tensor(0.7689)
focused,0,0.0,tensor(0.6447)
unfocused,0,0.0,tensor(0.8113)
focused,0,0.0,tensor(0.7876)
focused,0,0.0,tensor(0.7842)
focused,0,0.0,tensor(0.6081)
focused,0,0.0,tensor(0.8172)
unfocused,0,0.0,tensor(0.7064)
focused,0,0.0,tensor(0.6683)
focused,0,0.0,tensor(0.7988)
unfocused,0,0.0,tensor(0.7315)
focused,0,0.0,tensor(0.6425)
focused,0,0.0,tensor(0.9424)
focused,0,0.0,tensor(0.8456)
focused,0,0.0,tensor(0.9443)
focused,0,0.0,tensor(0.8409)
focused,0,0.0,tensor(0.9498)
focused,0,0.0,tensor(0.7905)
unfocused,0,0.0,tensor(0.6651)
focused,0,0.0,tensor(0.9492)
focused,0,0.0,tensor(0.7597)
unfocused,0,0.0,tensor(0.7007)
focused,0,0.0,tensor(0.9498)
unfocused,0,0.0,tensor(0.8151)
focused,0,0.0,tensor(0.6090)
focused,0,0.0,tensor(0.9522)
focused,0,0.0,tensor(0.8573)
focused,0,0.0,tensor(0.9549)
unfocused,0,0.0,tensor(0.7757)
focused,0,0.0,tensor(0.5787)
focused,0,0.0,tensor(0.9549)
unfocused,0,0.0,tensor(0.8067)
focused,0,0.0,tensor(0.9500)
unfocused,0,0.0,tensor(0.8979)
focused,0,0.0,tensor(0.9500)
unfocused,0,0.0,tensor(0.8767)
unfocused,0,0.0,tensor(0.9557)
focused,0,0.0,tensor(0.9499)
focused,0,0.0,tensor(0.9285)
focused,0,0.0,tensor(0.6598)
focused,0,0.0,tensor(0.9203)
focused,0,0.0,tensor(0.6811)
focused,0,0.0,tensor(0.9201)
focused,0,0.0,tensor(0.6043)
unfocused,0,0.0,tensor(0.5694)
focused,0,0.0,tensor(0.9544)
focused,0,0.0,tensor(0.8832)
focused,0,0.0,tensor(0.9549)
focused,0,0.0,tensor(0.9028)
focused,0,0.0,tensor(0.9541)
focused,0,0.0,tensor(0.8940)
focused,0,0.0,tensor(0.9541)
focused,0,0.0,tensor(0.8266)
focused,0,0.0,tensor(0.9527)
focused,0,0.0,tensor(0.7602)
unfocused,0,0.0,tensor(0.5783)
focused,0,0.0,tensor(0.9507)
focused,0,0.0,tensor(0.7305)
focused,0,0.0,tensor(0.9491)
unfocused,0,0.0,tensor(0.7050)
focused,0,0.0,tensor(0.5767)
focused,0,0.0,tensor(0.9486)
unfocused,0,0.0,tensor(0.7316)
focused,0,0.0,tensor(0.5925)
focused,0,0.0,tensor(0.9487)
focused,0,0.0,tensor(0.6951)
unfocused,0,0.0,tensor(0.6285)
focused,0,0.0,tensor(0.9485)
unfocused,0,0.0,tensor(0.7066)
focused,0,0.0,tensor(0.5782)
focused,0,0.0,tensor(0.9442)
unfocused,0,0.0,tensor(0.8494)
focused,0,0.0,tensor(0.6478)
focused,0,0.0,tensor(0.9442)
unfocused,0,0.0,tensor(0.8641)
focused,0,0.0,tensor(0.6379)
focused,0,0.0,tensor(0.9427)
unfocused,0,0.0,tensor(0.8771)
focused,0,0.0,tensor(0.9425)
unfocused,0,0.0,tensor(0.8795)
focused,0,0.0,tensor(0.9396)
unfocused,0,0.0,tensor(0.8879)
focused,0,0.0,tensor(0.9401)
focused,0,0.0,tensor(0.9107)
unfocused,0,0.0,tensor(0.8667)
focused,0,0.0,tensor(0.9365)
unfocused,0,0.0,tensor(0.9033)
unfocused,0,0.0,tensor(0.6274)
focused,0,0.0,tensor(0.9366)
unfocused,0,0.0,tensor(0.8975)
unfocused,0,0.0,tensor(0.6908)
unfocused,0,0.0,tensor(0.9441)
focused,0,0.0,tensor(0.9407)
focused,0,0.0,tensor(0.9322)
unfocused,0,0.0,tensor(0.9468)
focused,0,0.0,tensor(0.9406)
focused,0,0.0,tensor(0.9333)
unfocused,0,0.0,tensor(0.9521)
focused,0,0.0,tensor(0.9442)
focused,0,0.0,tensor(0.9275)
unfocused,0,0.0,tensor(0.9635)
focused,0,0.0,tensor(0.9461)
unfocused,0,0.0,tensor(0.9636)
focused,0,0.0,tensor(0.9461)
unfocused,0,0.0,tensor(0.9684)
focused,0,0.0,tensor(0.9285)
unfocused,0,0.0,tensor(0.9686)
focused,0,0.0,tensor(0.9298)
focused,0,0.0,tensor(0.9318)
unfocused,0,0.0,tensor(0.9206)
focused,0,0.0,tensor(0.9315)
unfocused,0,0.0,tensor(0.9173)
focused,0,0.0,tensor(0.9484)
unfocused,0,0.0,tensor(0.9243)
focused,0,0.0,tensor(0.9476)
unfocused,0,0.0,tensor(0.9237)
focused,0,0.0,tensor(0.9573)
unfocused,0,0.0,tensor(0.8919)
focused,0,0.0,tensor(0.9514)
unfocused,0,0.0,tensor(0.9156)
unfocused,0,0.0,tensor(0.8690)
focused,0,0.0,tensor(0.5696)
unfocused,0,0.0,tensor(0.8798)
unfocused,0,0.0,tensor(0.8824)
focused,0,0.0,tensor(0.6049)
unfocused,0,0.0,tensor(0.8481)
unfocused,0,0.0,tensor(0.7411)
unfocused,0,0.0,tensor(0.5973)
unfocused,0,0.0,tensor(0.7174)
unfocused,0,0.0,tensor(0.6159)
unfocused,0,0.0,tensor(0.6907)
unfocused,0,0.0,tensor(0.7656)
unfocused,0,0.0,tensor(0.7493)
focused,0,0.0,tensor(0.5853)
unfocused,0,0.0,tensor(0.8510)
unfocused,0,0.0,tensor(0.7612)
focused,0,0.0,tensor(0.7331)
unfocused,0,0.0,tensor(0.8468)
focused,0,0.0,tensor(0.6214)
unfocused,0,0.0,tensor(0.5583)
unfocused,0,0.0,tensor(0.8124)
focused,0,0.0,tensor(0.5803)
unfocused,0,0.0,tensor(0.8402)
focused,0,0.0,tensor(0.6507)
unfocused,0,0.0,tensor(0.8623)
focused,0,0.0,tensor(0.7087)
unfocused,0,0.0,tensor(0.8999)
unfocused,0,0.0,tensor(0.9064)
unfocused,0,0.0,tensor(0.8798)
unfocused,0,0.0,tensor(0.8733)
unfocused,0,0.0,tensor(0.8760)
unfocused,0,0.0,tensor(0.7496)
unfocused,0,0.0,tensor(0.7945)
unfocused,0,0.0,tensor(0.7849)
unfocused,0,0.0,tensor(0.8441)
unfocused,0,0.0,tensor(0.8304)
unfocused,0,0.0,tensor(0.7548)
unfocused,0,0.0,tensor(0.7463)
unfocused,0,0.0,tensor(0.7683)
unfocused,0,0.0,tensor(0.7453)
unfocused,0,0.0,tensor(0.6892)
unfocused,0,0.0,tensor(0.6522)
unfocused,0,0.0,tensor(0.8846)
unfocused,0,0.0,tensor(0.9342)
unfocused,0,0.0,tensor(0.9345)
unfocused,0,0.0,tensor(0.9402)
focused,0,0.0,tensor(0.9354)
focused,0,0.0,tensor(0.8879)
focused,0,0.0,tensor(0.9355)
focused,0,0.0,tensor(0.8966)
unfocused,0,0.0,tensor(0.8040)
focused,0,0.0,tensor(0.9352)
focused,0,0.0,tensor(0.8901)
unfocused,0,0.0,tensor(0.7971)
focused,0,0.0,tensor(0.9347)
focused,0,0.0,tensor(0.8952)
unfocused,0,0.0,tensor(0.8172)
focused,0,0.0,tensor(0.9352)
focused,0,0.0,tensor(0.8914)
unfocused,0,0.0,tensor(0.8030)
focused,0,0.0,tensor(0.9340)
focused,0,0.0,tensor(0.8397)
unfocused,0,0.0,tensor(0.7704)
focused,0,0.0,tensor(0.9335)
focused,0,0.0,tensor(0.8601)
unfocused,0,0.0,tensor(0.7966)
focused,0,0.0,tensor(0.9344)
focused,0,0.0,tensor(0.8873)
focused,0,0.0,tensor(0.9353)
focused,0,0.0,tensor(0.9055)
focused,0,0.0,tensor(0.9379)
focused,0,0.0,tensor(0.9025)
unfocused,0,0.0,tensor(0.5692)
focused,0,0.0,tensor(0.9381)
focused,0,0.0,tensor(0.9065)
unfocused,0,0.0,tensor(0.6127)
focused,0,0.0,tensor(0.9382)
focused,0,0.0,tensor(0.9050)
unfocused,0,0.0,tensor(0.5795)
focused,0,0.0,tensor(0.9377)
focused,0,0.0,tensor(0.8897)
focused,0,0.0,tensor(0.9370)
focused,0,0.0,tensor(0.8977)
focused,0,0.0,tensor(0.9375)
focused,0,0.0,tensor(0.9030)
focused,0,0.0,tensor(0.9381)
focused,0,0.0,tensor(0.9149)
focused,0,0.0,tensor(0.9397)
focused,0,0.0,tensor(0.9187)
unfocused,0,0.0,tensor(0.6366)
focused,0,0.0,tensor(0.9398)
focused,0,0.0,tensor(0.9204)
unfocused,0,0.0,tensor(0.6377)
focused,0,0.0,tensor(0.9430)
focused,0,0.0,tensor(0.9233)
focused,0,0.0,tensor(0.9431)
focused,0,0.0,tensor(0.9229)
focused,0,0.0,tensor(0.9475)
focused,0,0.0,tensor(0.9159)
focused,0,0.0,tensor(0.9475)
focused,0,0.0,tensor(0.8642)
focused,0,0.0,tensor(0.9484)
focused,0,0.0,tensor(0.8683)
focused,0,0.0,tensor(0.9471)
focused,0,0.0,tensor(0.8795)
focused,0,0.0,tensor(0.9488)
focused,0,0.0,tensor(0.8674)
unfocused,0,0.0,tensor(0.5702)
focused,0,0.0,tensor(0.9488)
focused,0,0.0,tensor(0.8678)
unfocused,0,0.0,tensor(0.6151)
focused,0,0.0,tensor(0.9507)
focused,0,0.0,tensor(0.8720)
focused,0,0.0,tensor(0.9503)
focused,0,0.0,tensor(0.8753)
focused,0,0.0,tensor(0.9479)
focused,0,0.0,tensor(0.8773)
focused,0,0.0,tensor(0.9480)
focused,0,0.0,tensor(0.8813)
focused,0,0.0,tensor(0.9462)
focused,0,0.0,tensor(0.8727)
focused,0,0.0,tensor(0.9477)
focused,0,0.0,tensor(0.8758)
focused,0,0.0,tensor(0.9507)
focused,0,0.0,tensor(0.8758)
focused,0,0.0,tensor(0.9504)
focused,0,0.0,tensor(0.8622)
focused,0,0.0,tensor(0.9504)
focused,0,0.0,tensor(0.8596)
focused,0,0.0,tensor(0.9467)
focused,0,0.0,tensor(0.9420)
focused,0,0.0,tensor(0.9483)
focused,0,0.0,tensor(0.9437)
focused,0,0.0,tensor(0.9502)
focused,0,0.0,tensor(0.9396)
focused,0,0.0,tensor(0.9501)
focused,0,0.0,tensor(0.9488)
focused,0,0.0,tensor(0.9499)
focused,0,0.0,tensor(0.9487)
focused,0,0.0,tensor(0.9565)
focused,0,0.0,tensor(0.9451)
focused,0,0.0,tensor(0.9580)
focused,0,0.0,tensor(0.9449)
focused,0,0.0,tensor(0.9640)
focused,0,0.0,tensor(0.9481)
focused,0,0.0,tensor(0.9558)
focused,0,0.0,tensor(0.9408)
focused,0,0.0,tensor(0.9566)
focused,0,0.0,tensor(0.9407)
focused,0,0.0,tensor(0.9484)
focused,0,0.0,tensor(0.9376)
focused,0,0.0,tensor(0.9592)
focused,0,0.0,tensor(0.9373)
focused,0,0.0,tensor(0.9601)
focused,0,0.0,tensor(0.9370)
focused,0,0.0,tensor(0.9594)
focused,0,0.0,tensor(0.9417)
focused,0,0.0,tensor(0.9588)
focused,0,0.0,tensor(0.9420)
focused,0,0.0,tensor(0.9511)
focused,0,0.0,tensor(0.9477)
focused,0,0.0,tensor(0.9509)
focused,0,0.0,tensor(0.9480)
focused,0,0.0,tensor(0.9539)
focused,0,0.0,tensor(0.9490)
focused,0,0.0,tensor(0.9587)
focused,0,0.0,tensor(0.9525)
focused,0,0.0,tensor(0.9584)
focused,0,0.0,tensor(0.9527)
focused,0,0.0,tensor(0.9573)
focused,0,0.0,tensor(0.9536)
focused,0,0.0,tensor(0.9536)
focused,0,0.0,tensor(0.9485)
focused,0,0.0,tensor(0.9516)
focused,0,0.0,tensor(0.9420)
focused,0,0.0,tensor(0.9488)
focused,0,0.0,tensor(0.9415)
focused,0,0.0,tensor(0.9491)
focused,0,0.0,tensor(0.9420)
focused,0,0.0,tensor(0.9482)
focused,0,0.0,tensor(0.9368)
focused,0,0.0,tensor(0.9489)
focused,0,0.0,tensor(0.9363)
focused,0,0.0,tensor(0.9461)
focused,0,0.0,tensor(0.9420)
focused,0,0.0,tensor(0.9440)
focused,0,0.0,tensor(0.9380)
focused,0,0.0,tensor(0.9446)
focused,0,0.0,tensor(0.9370)
focused,0,0.0,tensor(0.9445)
focused,0,0.0,tensor(0.9355)
unfocused,0,0.0,tensor(0.8584)
focused,0,0.0,tensor(0.6140)
unfocused,0,0.0,tensor(0.8594)
focused,0,0.0,tensor(0.6329)
unfocused,0,0.0,tensor(0.8500)
focused,0,0.0,tensor(0.6784)
focused,0,0.0,tensor(0.8805)
focused,0,0.0,tensor(0.8749)
focused,0,0.0,tensor(0.7480)
focused,0,0.0,tensor(0.8493)
focused,0,0.0,tensor(0.8243)
focused,0,0.0,tensor(0.9257)
focused,0,0.0,tensor(0.9260)
focused,0,0.0,tensor(0.9323)
focused,0,0.0,tensor(0.9328)
focused,0,0.0,tensor(0.9464)
focused,0,0.0,tensor(0.9470)
focused,0,0.0,tensor(0.9496)
focused,0,0.0,tensor(0.9267)
focused,0,0.0,tensor(0.9365)
focused,0,0.0,tensor(0.9030)
focused,0,0.0,tensor(0.8907)
focused,0,0.0,tensor(0.8991)
focused,0,0.0,tensor(0.7260)
unfocused,0,0.0,tensor(0.6887)
focused,0,0.0,tensor(0.7395)
unfocused,0,0.0,tensor(0.6289)
unfocused,0,0.0,tensor(0.9186)
unfocused,0,0.0,tensor(0.6321)
unfocused,0,0.0,tensor(0.9181)
unfocused,0,0.0,tensor(0.6057)
unfocused,0,0.0,tensor(0.9342)
unfocused,0,0.0,tensor(0.8999)
unfocused,0,0.0,tensor(0.8063)
unfocused,0,0.0,tensor(0.8634)
unfocused,0,0.0,tensor(0.8285)
unfocused,0,0.0,tensor(0.8308)
focused,0,0.0,tensor(0.6610)
unfocused,0,0.0,tensor(0.6383)
unfocused,0,0.0,tensor(0.8335)
focused,0,0.0,tensor(0.6575)
unfocused,0,0.0,tensor(0.6400)
focused,0,0.0,tensor(0.6826)
unfocused,0,0.0,tensor(0.6274)
unfocused,0,0.0,tensor(0.5676)
unfocused,0,0.0,tensor(0.8654)
focused,0,0.0,tensor(0.8061)
unfocused,0,0.0,tensor(0.8726)
focused,0,0.0,tensor(0.8251)
unfocused,0,0.0,tensor(0.8642)
focused,0,0.0,tensor(0.8368)
focused,0,0.0,tensor(0.8489)
unfocused,0,0.0,tensor(0.7933)
unfocused,0,0.0,tensor(0.6818)
focused,0,0.0,tensor(0.8352)
unfocused,0,0.0,tensor(0.7813)
unfocused,0,0.0,tensor(0.6473)
unfocused,0,0.0,tensor(0.8556)
unfocused,0,0.0,tensor(0.8341)
focused,0,0.0,tensor(0.6176)
unfocused,0,0.0,tensor(0.5833)
unfocused,0,0.0,tensor(0.8917)
unfocused,0,0.0,tensor(0.8685)
focused,0,0.0,tensor(0.6177)
unfocused,0,0.0,tensor(0.5860)
unfocused,0,0.0,tensor(0.9153)
unfocused,0,0.0,tensor(0.9071)
unfocused,0,0.0,tensor(0.6044)
unfocused,0,0.0,tensor(0.9123)
unfocused,0,0.0,tensor(0.9122)
unfocused,0,0.0,tensor(0.6436)
unfocused,0,0.0,tensor(0.9502)
unfocused,0,0.0,tensor(0.8939)
unfocused,0,0.0,tensor(0.8522)
unfocused,0,0.0,tensor(0.9509)
unfocused,0,0.0,tensor(0.8817)
unfocused,0,0.0,tensor(0.8183)
unfocused,0,0.0,tensor(0.9552)
unfocused,0,0.0,tensor(0.8881)
unfocused,0,0.0,tensor(0.6976)
unfocused,0,0.0,tensor(0.9546)
unfocused,0,0.0,tensor(0.6944)
unfocused,0,0.0,tensor(0.6449)
focused,0,0.0,tensor(0.6438)
unfocused,0,0.0,tensor(0.9543)
unfocused,0,0.0,tensor(0.7124)
unfocused,0,0.0,tensor(0.6572)
focused,0,0.0,tensor(0.6349)
unfocused,0,0.0,tensor(0.9497)
focused,0,0.0,tensor(0.6576)
unfocused,0,0.0,tensor(0.9562)
focused,0,0.0,tensor(0.8911)
unfocused,0,0.0,tensor(0.6781)
unfocused,0,0.0,tensor(0.9564)
focused,0,0.0,tensor(0.8804)
unfocused,0,0.0,tensor(0.5995)
unfocused,0,0.0,tensor(0.9566)
focused,0,0.0,tensor(0.9022)
unfocused,0,0.0,tensor(0.6416)
unfocused,0,0.0,tensor(0.9579)
focused,0,0.0,tensor(0.9412)
unfocused,0,0.0,tensor(0.6135)
unfocused,0,0.0,tensor(0.9567)
focused,0,0.0,tensor(0.9416)
unfocused,0,0.0,tensor(0.9531)
focused,0,0.0,tensor(0.9434)
unfocused,0,0.0,tensor(0.9522)
focused,0,0.0,tensor(0.9435)
unfocused,0,0.0,tensor(0.9475)
focused,0,0.0,tensor(0.9439)
unfocused,0,0.0,tensor(0.9475)
focused,0,0.0,tensor(0.9424)
focused,0,0.0,tensor(0.9391)
unfocused,0,0.0,tensor(0.9284)
unfocused,0,0.0,tensor(0.8339)
focused,0,0.0,tensor(0.9383)
unfocused,0,0.0,tensor(0.9307)
unfocused,0,0.0,tensor(0.7837)
focused,0,0.0,tensor(0.9384)
unfocused,0,0.0,tensor(0.8955)
focused,0,0.0,tensor(0.9366)
unfocused,0,0.0,tensor(0.9010)
unfocused,0,0.0,tensor(0.5828)
focused,0,0.0,tensor(0.9452)
unfocused,0,0.0,tensor(0.8351)
unfocused,0,0.0,tensor(0.6414)
focused,0,0.0,tensor(0.9459)
unfocused,0,0.0,tensor(0.8312)
unfocused,0,0.0,tensor(0.5504)
focused,0,0.0,tensor(0.9480)
unfocused,0,0.0,tensor(0.8800)
unfocused,0,0.0,tensor(0.7013)
focused,0,0.0,tensor(0.9479)
unfocused,0,0.0,tensor(0.8850)
unfocused,0,0.0,tensor(0.6630)
focused,0,0.0,tensor(0.9488)
unfocused,0,0.0,tensor(0.8877)
focused,0,0.0,tensor(0.8241)
focused,0,0.0,tensor(0.9488)
unfocused,0,0.0,tensor(0.8889)
focused,0,0.0,tensor(0.8568)
focused,0,0.0,tensor(0.9480)
unfocused,0,0.0,tensor(0.8561)
unfocused,0,0.0,tensor(0.8074)
focused,0,0.0,tensor(0.9486)
unfocused,0,0.0,tensor(0.9365)
unfocused,0,0.0,tensor(0.8309)
focused,0,0.0,tensor(0.9499)
unfocused,0,0.0,tensor(0.9211)
unfocused,0,0.0,tensor(0.8625)
focused,0,0.0,tensor(0.9464)
focused,0,0.0,tensor(0.8998)
focused,0,0.0,tensor(0.9455)
focused,0,0.0,tensor(0.9017)
focused,0,0.0,tensor(0.9526)
focused,0,0.0,tensor(0.9094)
focused,0,0.0,tensor(0.9470)
focused,0,0.0,tensor(0.8872)
focused,0,0.0,tensor(0.9422)
focused,0,0.0,tensor(0.6781)
focused,0,0.0,tensor(0.9403)
focused,0,0.0,tensor(0.8562)
focused,0,0.0,tensor(0.9400)
focused,0,0.0,tensor(0.8552)
focused,0,0.0,tensor(0.9568)
focused,0,0.0,tensor(0.8657)
focused,0,0.0,tensor(0.9549)
focused,0,0.0,tensor(0.9268)
focused,0,0.0,tensor(0.8023)
focused,0,0.0,tensor(0.9269)
focused,0,0.0,tensor(0.8214)
focused,0,0.0,tensor(0.9411)
focused,0,0.0,tensor(0.9229)
focused,0,0.0,tensor(0.9412)
focused,0,0.0,tensor(0.9229)
focused,0,0.0,tensor(0.9437)
focused,0,0.0,tensor(0.7336)
focused,0,0.0,tensor(0.9532)
focused,0,0.0,tensor(0.8306)
focused,0,0.0,tensor(0.9598)
focused,0,0.0,tensor(0.8954)
focused,0,0.0,tensor(0.9598)
focused,0,0.0,tensor(0.8941)
focused,0,0.0,tensor(0.9539)
focused,0,0.0,tensor(0.8825)
focused,0,0.0,tensor(0.9503)
focused,0,0.0,tensor(0.8130)
focused,0,0.0,tensor(0.9504)
focused,0,0.0,tensor(0.8209)
focused,0,0.0,tensor(0.9535)
focused,0,0.0,tensor(0.8819)
focused,0,0.0,tensor(0.9538)
focused,0,0.0,tensor(0.8836)
focused,0,0.0,tensor(0.9481)
focused,0,0.0,tensor(0.8898)
focused,0,0.0,tensor(0.9437)
focused,0,0.0,tensor(0.8034)
focused,0,0.0,tensor(0.9429)
focused,0,0.0,tensor(0.9134)
focused,0,0.0,tensor(0.9425)
focused,0,0.0,tensor(0.8177)
focused,0,0.0,tensor(0.9427)
focused,0,0.0,tensor(0.8135)
focused,0,0.0,tensor(0.9440)
focused,0,0.0,tensor(0.7678)
focused,0,0.0,tensor(0.9411)
focused,0,0.0,tensor(0.8245)
focused,0,0.0,tensor(0.9437)
focused,0,0.0,tensor(0.8740)
focused,0,0.0,tensor(0.9526)
focused,0,0.0,tensor(0.9446)
focused,0,0.0,tensor(0.9519)
focused,0,0.0,tensor(0.9444)
focused,0,0.0,tensor(0.9562)
focused,0,0.0,tensor(0.9271)
focused,0,0.0,tensor(0.9507)
focused,0,0.0,tensor(0.9075)
focused,0,0.0,tensor(0.9345)
focused,0,0.0,tensor(0.8562)
focused,0,0.0,tensor(0.9321)
focused,0,0.0,tensor(0.8583)
focused,0,0.0,tensor(0.9379)
focused,0,0.0,tensor(0.8808)
focused,0,0.0,tensor(0.9328)
focused,0,0.0,tensor(0.9157)
focused,0,0.0,tensor(0.9511)
focused,0,0.0,tensor(0.9439)
focused,0,0.0,tensor(0.9531)
focused,0,0.0,tensor(0.9428)
focused,0,0.0,tensor(0.9513)
focused,0,0.0,tensor(0.9412)
focused,0,0.0,tensor(0.9486)
focused,0,0.0,tensor(0.9254)
focused,0,0.0,tensor(0.9490)
focused,0,0.0,tensor(0.9279)
focused,0,0.0,tensor(0.9525)
focused,0,0.0,tensor(0.9292)
focused,0,0.0,tensor(0.9501)
focused,0,0.0,tensor(0.9319)
unfocused,0,0.0,tensor(0.9097)
unfocused,0,0.0,tensor(0.9166)
unfocused,0,0.0,tensor(0.9348)
unfocused,0,0.0,tensor(0.5735)
focused,0,0.0,tensor(0.8070)
unfocused,0,0.0,tensor(0.6604)
focused,0,0.0,tensor(0.8262)
unfocused,0,0.0,tensor(0.7032)
focused,0,0.0,tensor(0.7422)
unfocused,0,0.0,tensor(0.5710)
focused,0,0.0,tensor(0.7461)
unfocused,0,0.0,tensor(0.6436)
unfocused,0,0.0,tensor(0.7135)
focused,0,0.0,tensor(0.5848)
unfocused,0,0.0,tensor(0.6705)
unfocused,0,0.0,tensor(0.6200)
unfocused,0,0.0,tensor(0.7163)
unfocused,0,0.0,tensor(0.6058)
unfocused,0,0.0,tensor(0.9236)
unfocused,0,0.0,tensor(0.7992)
unfocused,0,0.0,tensor(0.9310)
unfocused,0,0.0,tensor(0.7917)
unfocused,0,0.0,tensor(0.8838)
unfocused,0,0.0,tensor(0.7267)
unfocused,0,0.0,tensor(0.9167)
unfocused,0,0.0,tensor(0.6888)
unfocused,0,0.0,tensor(0.8460)
unfocused,0,0.0,tensor(0.5943)
unfocused,0,0.0,tensor(0.8324)
focused,0,0.0,tensor(0.5961)
unfocused,0,0.0,tensor(0.6978)
unfocused,0,0.0,tensor(0.6138)
unfocused,0,0.0,tensor(0.9586)
unfocused,0,0.0,tensor(0.9436)
unfocused,0,0.0,tensor(0.9410)
unfocused,0,0.0,tensor(0.9150)
unfocused,0,0.0,tensor(0.8736)
unfocused,0,0.0,tensor(0.8648)
unfocused,0,0.0,tensor(0.8458)
unfocused,0,0.0,tensor(0.8661)
unfocused,0,0.0,tensor(0.7738)
unfocused,0,0.0,tensor(0.7317)
unfocused,0,0.0,tensor(0.9411)
unfocused,0,0.0,tensor(0.9299)
unfocused,0,0.0,tensor(0.9539)
unfocused,0,0.0,tensor(0.9491)
unfocused,0,0.0,tensor(0.9431)
unfocused,0,0.0,tensor(0.9432)
unfocused,0,0.0,tensor(0.9518)
unfocused,0,0.0,tensor(0.9243)
unfocused,0,0.0,tensor(0.9479)
unfocused,0,0.0,tensor(0.9470)
unfocused,0,0.0,tensor(0.9458)
unfocused,0,0.0,tensor(0.5980)
unfocused,0,0.0,tensor(0.9553)
unfocused,0,0.0,tensor(0.9562)
unfocused,0,0.0,tensor(0.9603)
unfocused,0,0.0,tensor(0.9609)
unfocused,0,0.0,tensor(0.9493)
unfocused,0,0.0,tensor(0.9564)
unfocused,0,0.0,tensor(0.9568)
unfocused,0,0.0,tensor(0.9564)
unfocused,0,0.0,tensor(0.6716)
unfocused,0,0.0,tensor(0.9551)
unfocused,0,0.0,tensor(0.7178)
unfocused,0,0.0,tensor(0.9543)
unfocused,0,0.0,tensor(0.8159)
unfocused,0,0.0,tensor(0.9527)
unfocused,0,0.0,tensor(0.8143)
unfocused,0,0.0,tensor(0.9457)
unfocused,0,0.0,tensor(0.9473)
unfocused,0,0.0,tensor(0.9469)
unfocused,0,0.0,tensor(0.9555)
unfocused,0,0.0,tensor(0.9576)
unfocused,0,0.0,tensor(0.9592)
unfocused,0,0.0,tensor(0.6164)
unfocused,0,0.0,tensor(0.9650)
unfocused,0,0.0,tensor(0.9632)
unfocused,0,0.0,tensor(0.9505)
unfocused,0,0.0,tensor(0.8083)
unfocused,0,0.0,tensor(0.9524)
unfocused,0,0.0,tensor(0.8044)
unfocused,0,0.0,tensor(0.9485)
unfocused,0,0.0,tensor(0.6949)
unfocused,0,0.0,tensor(0.6199)
unfocused,0,0.0,tensor(0.9387)
unfocused,0,0.0,tensor(0.8764)
unfocused,0,0.0,tensor(0.7253)
unfocused,0,0.0,tensor(0.9387)
unfocused,0,0.0,tensor(0.8689)
unfocused,0,0.0,tensor(0.7351)
unfocused,0,0.0,tensor(0.9491)
unfocused,0,0.0,tensor(0.8470)
unfocused,0,0.0,tensor(0.8354)
unfocused,0,0.0,tensor(0.9542)
unfocused,0,0.0,tensor(0.7606)
unfocused,0,0.0,tensor(0.9529)
unfocused,0,0.0,tensor(0.8901)
unfocused,0,0.0,tensor(0.9547)
unfocused,0,0.0,tensor(0.9085)
unfocused,0,0.0,tensor(0.7458)
unfocused,0,0.0,tensor(0.7491)
unfocused,0,0.0,tensor(0.5759)
